CaseId,AccountId,AccountName,CaseType,Priority,Status,Product,CreatedDate,ResolvedDate,Resolution_Days,SLA_Respected,TechnicianAssigned,Region,Description
CAS00001,ACC0015,MBDA India,Technical Issue,Medium,Closed,Rafale F3-R,2019-11-08,2019-12-24,46.0,False,Thomas Laurent,Europe,Avionics software update required
CAS00002,ACC0028,Belgian Air Force,Warranty Claim,Medium,Closed,Rafale F4,2021-04-09,2021-06-10,62.0,False,Julie Petit,Europe,Spare part not delivered on time
CAS00003,ACC0025,Malaysian RMAF,Warranty Claim,High,In Progress,MRO Contract Rafale,2021-08-05,,,,Claire Vidal,Europe,Engine vibration anomaly reported during training
CAS00004,ACC0028,Belgian Air Force,Training Request,Medium,Closed,Rafale F4,2023-09-11,2023-09-26,15.0,True,Pierre Renard,Europe,Engine vibration anomaly reported during training
CAS00005,ACC0023,Egyptian Air Force,Warranty Claim,High,Escalated,Falcon 8X,2021-07-19,,,,Thomas Laurent,Europe,Maintenance contract renewal query
CAS00006,ACC0017,GE Aviation India,Warranty Claim,Medium,Closed,MRO Contract Rafale,2022-10-01,2023-03-26,176.0,False,Luc Fabre,Asia,Spare part not delivered on time
CAS00007,ACC0024,Royal Saudi Air Force,Technical Issue,High,Closed,Falcon 8X,2019-05-22,2019-11-06,168.0,False,Julie Petit,Middle East,Structural inspection due — spare needed
CAS00008,ACC0002,Indian Navy,Spare Part Urgent,High,In Progress,Falcon 6X,2022-07-18,,,,Claire Vidal,Africa,Maintenance contract renewal query
CAS00009,ACC0008,Croatian Air Force,Delivery Delay,Critical,Closed,Falcon 6X,2021-07-07,2021-08-28,52.0,False,Claire Vidal,Europe,Maintenance contract renewal query
CAS00010,ACC0010,Safran Group,Technical Issue,Medium,Closed,MRO Contract Rafale,2021-03-03,2021-03-17,14.0,True,Claire Vidal,Europe,Engine vibration anomaly reported during training
CAS00011,ACC0013,Tata Advanced Systems,Technical Issue,Medium,Closed,Rafale F4,2021-12-15,2022-04-09,115.0,False,Luc Fabre,Europe,Avionics software update required
CAS00012,ACC0001,Indian Air Force,Delivery Delay,High,Closed,MRO Contract Rafale,2022-01-09,2022-02-07,29.0,True,Pierre Renard,Asia,Structural inspection due — spare needed
CAS00013,ACC0029,Finnish Air Force,Spare Part Urgent,Medium,Closed,Rafale F3-R,2021-07-06,2021-12-14,161.0,False,Thomas Laurent,Europe,Maintenance contract renewal query
CAS00014,ACC0027,Swiss Air Force,Training Request,Medium,Closed,Falcon 6X,2023-03-13,2023-04-10,28.0,True,Claire Vidal,Asia,Engine vibration anomaly reported during training
CAS00015,ACC0012,Dassault Reliance Aerospace,Documentation,Medium,Closed,Rafale F4,2020-01-22,2020-03-23,61.0,False,Luc Fabre,Africa,Maintenance contract renewal query
CAS00016,ACC0003,Armée de l'Air française,Spare Part Urgent,Critical,Closed,Falcon 6X,2019-08-23,2019-11-24,93.0,False,Julie Petit,Europe,Structural inspection due — spare needed
CAS00017,ACC0007,Indonesian Air Force,Training Request,Medium,Closed,Falcon 6X,2021-10-10,2021-10-29,19.0,True,Claire Vidal,Asia,Maintenance contract renewal query
CAS00018,ACC0016,Reliance Defence,Documentation,High,Closed,Falcon 6X,2019-04-25,2019-06-30,66.0,False,Claire Vidal,Middle East,Maintenance contract renewal query
CAS00019,ACC0023,Egyptian Air Force,Delivery Delay,Low,Closed,Falcon 8X,2022-04-27,2022-07-27,91.0,False,Julie Petit,Europe,Spare part not delivered on time
CAS00020,ACC0030,Kuwait Air Force,Training Request,Low,Closed,Falcon 6X,2023-02-18,2023-08-07,170.0,False,Claire Vidal,Europe,Engine vibration anomaly reported during training
CAS00021,ACC0019,Collins Aerospace India,Training Request,Medium,Closed,Falcon 8X,2021-12-04,2021-12-08,4.0,True,Thomas Laurent,Europe,Spare part not delivered on time
CAS00022,ACC0021,Boeing India,Documentation,Low,Closed,Falcon 6X,2021-01-16,2021-06-14,149.0,False,Luc Fabre,Asia,Spare part not delivered on time
CAS00023,ACC0030,Kuwait Air Force,Technical Issue,Medium,Closed,MRO Contract Rafale,2023-04-18,2023-05-05,17.0,True,Luc Fabre,Europe,Maintenance contract renewal query
CAS00024,ACC0004,UAE Air Force,Training Request,Low,Closed,MRO Contract Rafale,2019-04-19,2019-06-15,57.0,False,Luc Fabre,Middle East,Structural inspection due — spare needed
CAS00025,ACC0009,Airbus Group,Documentation,Medium,Closed,Rafale F3-R,2019-01-15,2019-02-02,18.0,True,Pierre Renard,Europe,Spare part not delivered on time
CAS00026,ACC0016,Reliance Defence,Technical Issue,High,Closed,MRO Contract Rafale,2023-07-22,2023-12-05,136.0,False,Thomas Laurent,Middle East,Avionics software update required
CAS00027,ACC0027,Swiss Air Force,Technical Issue,High,Closed,MRO Contract Rafale,2024-07-03,2024-07-16,13.0,True,Thomas Laurent,Asia,Spare part not delivered on time
CAS00028,ACC0023,Egyptian Air Force,Technical Issue,Medium,Closed,Falcon 6X,2023-04-29,2023-05-25,26.0,True,Julie Petit,Europe,Avionics software update required
CAS00029,ACC0010,Safran Group,Training Request,Medium,Escalated,Falcon 8X,2023-11-13,,,,Julie Petit,Europe,Documentation missing for customs
CAS00030,ACC0013,Tata Advanced Systems,Delivery Delay,Critical,Closed,Rafale F3-R,2020-04-04,2020-05-17,43.0,False,Pierre Renard,Europe,Documentation missing for customs
CAS00031,ACC0013,Tata Advanced Systems,Documentation,Medium,Closed,Falcon 8X,2021-09-10,2022-02-03,146.0,False,Julie Petit,Europe,Maintenance contract renewal query
CAS00032,ACC0020,Rolls-Royce India,Training Request,Medium,Closed,Falcon 6X,2020-12-16,2020-12-29,13.0,True,Thomas Laurent,Europe,Maintenance contract renewal query
CAS00033,ACC0009,Airbus Group,Warranty Claim,Medium,Closed,MRO Contract Rafale,2023-09-01,2023-10-20,49.0,False,Pierre Renard,Europe,Maintenance contract renewal query
CAS00034,ACC0004,UAE Air Force,Spare Part Urgent,Medium,Closed,Falcon 8X,2024-06-30,2024-09-06,68.0,False,Thomas Laurent,Middle East,Avionics software update required
CAS00035,ACC0020,Rolls-Royce India,Spare Part Urgent,Medium,Closed,Falcon 8X,2021-09-04,2022-02-09,158.0,False,Julie Petit,Europe,Documentation missing for customs
CAS00036,ACC0007,Indonesian Air Force,Spare Part Urgent,Medium,Closed,Rafale F3-R,2021-08-21,2022-01-23,155.0,False,Pierre Renard,Asia,Documentation missing for customs
CAS00037,ACC0005,Hellenic Air Force,Delivery Delay,Critical,Closed,Falcon 6X,2019-05-28,2019-11-01,157.0,False,Claire Vidal,Europe,Avionics software update required
CAS00038,ACC0021,Boeing India,Training Request,High,Open,MRO Contract Rafale,2020-05-19,,,,Thomas Laurent,Asia,Structural inspection due — spare needed
CAS00039,ACC0019,Collins Aerospace India,Documentation,Critical,Closed,Rafale F3-R,2021-02-13,2021-04-16,62.0,False,Pierre Renard,Europe,Structural inspection due — spare needed
CAS00040,ACC0016,Reliance Defence,Documentation,Medium,Open,MRO Contract Rafale,2021-06-06,,,,Thomas Laurent,Middle East,Documentation missing for customs
CAS00041,ACC0008,Croatian Air Force,Delivery Delay,Medium,Closed,Rafale F4,2021-08-22,2021-11-15,85.0,False,Luc Fabre,Europe,Spare part not delivered on time
CAS00042,ACC0020,Rolls-Royce India,Warranty Claim,Medium,Closed,Rafale F3-R,2022-02-07,2022-06-13,126.0,False,Luc Fabre,Europe,Spare part not delivered on time
CAS00043,ACC0018,Honeywell India,Spare Part Urgent,High,Closed,Falcon 8X,2020-10-07,2021-03-27,171.0,False,Luc Fabre,Europe,Avionics software update required
CAS00044,ACC0008,Croatian Air Force,Spare Part Urgent,High,Closed,Falcon 6X,2020-11-07,2020-12-13,36.0,False,Thomas Laurent,Europe,Structural inspection due — spare needed
CAS00045,ACC0014,HAL (Hindustan Aeronautics),Delivery Delay,Medium,Closed,Falcon 8X,2022-10-06,2022-10-09,3.0,True,Thomas Laurent,Middle East,Documentation missing for customs
CAS00046,ACC0027,Swiss Air Force,Documentation,Medium,Closed,Falcon 6X,2019-08-16,2019-12-18,124.0,False,Julie Petit,Asia,Engine vibration anomaly reported during training
CAS00047,ACC0015,MBDA India,Documentation,High,Closed,Falcon 8X,2022-05-16,2022-06-18,33.0,False,Claire Vidal,Europe,Spare part not delivered on time
CAS00048,ACC0012,Dassault Reliance Aerospace,Technical Issue,Critical,Closed,Falcon 8X,2021-10-11,2022-04-08,179.0,False,Thomas Laurent,Africa,Documentation missing for customs
CAS00049,ACC0002,Indian Navy,Delivery Delay,Critical,Closed,Falcon 8X,2020-07-30,2020-11-25,118.0,False,Julie Petit,Africa,Engine vibration anomaly reported during training
CAS00050,ACC0024,Royal Saudi Air Force,Warranty Claim,Medium,Closed,Falcon 8X,2021-02-09,2021-08-08,180.0,False,Thomas Laurent,Middle East,Spare part not delivered on time
CAS00051,ACC0029,Finnish Air Force,Spare Part Urgent,High,Escalated,Falcon 6X,2021-11-16,,,,Thomas Laurent,Europe,Engine vibration anomaly reported during training
CAS00052,ACC0026,Singapore Air Force,Spare Part Urgent,Medium,Closed,Rafale F4,2022-07-15,2022-10-26,103.0,False,Julie Petit,Middle East,Maintenance contract renewal query
CAS00053,ACC0030,Kuwait Air Force,Technical Issue,Medium,Closed,Rafale F3-R,2022-01-21,2022-02-18,28.0,True,Luc Fabre,Europe,Documentation missing for customs
CAS00054,ACC0005,Hellenic Air Force,Training Request,High,Closed,Rafale F4,2024-06-16,2024-11-15,152.0,False,Claire Vidal,Europe,Documentation missing for customs
CAS00055,ACC0027,Swiss Air Force,Technical Issue,High,Escalated,Rafale F3-R,2020-09-07,,,,Julie Petit,Asia,Structural inspection due — spare needed
CAS00056,ACC0029,Finnish Air Force,Documentation,High,Closed,Rafale F4,2023-08-30,2024-02-06,160.0,False,Julie Petit,Europe,Spare part not delivered on time
CAS00057,ACC0012,Dassault Reliance Aerospace,Delivery Delay,Medium,Closed,MRO Contract Rafale,2024-01-11,2024-04-03,83.0,False,Luc Fabre,Africa,Engine vibration anomaly reported during training
CAS00058,ACC0003,Armée de l'Air française,Delivery Delay,High,Closed,Falcon 8X,2022-08-23,2022-09-02,10.0,True,Thomas Laurent,Europe,Engine vibration anomaly reported during training
CAS00059,ACC0021,Boeing India,Warranty Claim,Low,Closed,Rafale F4,2020-01-14,2020-04-29,106.0,False,Thomas Laurent,Asia,Spare part not delivered on time
CAS00060,ACC0010,Safran Group,Training Request,Low,Closed,Rafale F3-R,2022-10-01,2022-12-13,73.0,False,Pierre Renard,Europe,Engine vibration anomaly reported during training
CAS00061,ACC0027,Swiss Air Force,Training Request,Medium,Closed,Rafale F4,2021-08-02,2021-10-06,65.0,False,Pierre Renard,Asia,Maintenance contract renewal query
CAS00062,ACC0008,Croatian Air Force,Technical Issue,Medium,Open,Falcon 8X,2022-03-11,,,,Pierre Renard,Europe,Documentation missing for customs
CAS00063,ACC0013,Tata Advanced Systems,Warranty Claim,Low,Closed,Falcon 8X,2023-04-18,2023-09-25,160.0,False,Thomas Laurent,Europe,Maintenance contract renewal query
CAS00064,ACC0002,Indian Navy,Spare Part Urgent,Medium,Closed,Rafale F3-R,2019-07-27,2019-09-29,64.0,False,Luc Fabre,Africa,Avionics software update required
CAS00065,ACC0019,Collins Aerospace India,Delivery Delay,High,Open,Falcon 8X,2023-01-04,,,,Luc Fabre,Europe,Maintenance contract renewal query
CAS00066,ACC0006,Qatar Emiri Air Force,Warranty Claim,Medium,Closed,Falcon 6X,2019-01-02,2019-02-14,43.0,False,Claire Vidal,Middle East,Avionics software update required
CAS00067,ACC0003,Armée de l'Air française,Warranty Claim,Medium,Closed,Rafale F3-R,2023-04-18,2023-09-21,156.0,False,Julie Petit,Europe,Maintenance contract renewal query
CAS00068,ACC0030,Kuwait Air Force,Delivery Delay,Medium,Closed,Falcon 6X,2022-10-07,2022-11-26,50.0,False,Thomas Laurent,Europe,Documentation missing for customs
CAS00069,ACC0024,Royal Saudi Air Force,Warranty Claim,Low,Escalated,Rafale F3-R,2019-02-20,,,,Claire Vidal,Middle East,Avionics software update required
CAS00070,ACC0023,Egyptian Air Force,Documentation,Medium,Closed,Falcon 8X,2022-08-01,2022-11-22,113.0,False,Thomas Laurent,Europe,Structural inspection due — spare needed
CAS00071,ACC0006,Qatar Emiri Air Force,Documentation,Low,Closed,MRO Contract Rafale,2019-09-01,2019-10-17,46.0,False,Pierre Renard,Middle East,Spare part not delivered on time
CAS00072,ACC0003,Armée de l'Air française,Documentation,High,Closed,MRO Contract Rafale,2020-04-20,2020-05-17,27.0,True,Julie Petit,Europe,Structural inspection due — spare needed
CAS00073,ACC0009,Airbus Group,Technical Issue,High,Open,Rafale F4,2024-08-25,,,,Julie Petit,Europe,Documentation missing for customs
CAS00074,ACC0023,Egyptian Air Force,Delivery Delay,Medium,Closed,Falcon 8X,2023-06-14,2023-11-10,149.0,False,Pierre Renard,Europe,Avionics software update required
CAS00075,ACC0011,Thales Group,Technical Issue,Low,Escalated,Rafale F3-R,2020-09-22,,,,Luc Fabre,Asia,Avionics software update required
CAS00076,ACC0010,Safran Group,Spare Part Urgent,Low,Escalated,Falcon 8X,2019-06-25,,,,Claire Vidal,Europe,Avionics software update required
CAS00077,ACC0020,Rolls-Royce India,Training Request,Medium,Closed,MRO Contract Rafale,2024-08-23,2025-01-04,134.0,False,Claire Vidal,Europe,Structural inspection due — spare needed
CAS00078,ACC0003,Armée de l'Air française,Technical Issue,High,Closed,Falcon 6X,2020-08-24,2021-01-25,154.0,False,Thomas Laurent,Europe,Maintenance contract renewal query
CAS00079,ACC0011,Thales Group,Warranty Claim,Medium,Closed,MRO Contract Rafale,2020-02-21,2020-05-11,80.0,False,Luc Fabre,Asia,Documentation missing for customs
CAS00080,ACC0007,Indonesian Air Force,Documentation,Critical,Closed,Rafale F3-R,2020-09-04,2021-01-26,144.0,False,Luc Fabre,Asia,Spare part not delivered on time
CAS00081,ACC0002,Indian Navy,Technical Issue,Medium,Closed,MRO Contract Rafale,2022-07-12,2022-09-06,56.0,False,Pierre Renard,Africa,Spare part not delivered on time
CAS00082,ACC0010,Safran Group,Documentation,High,Closed,Falcon 8X,2021-01-19,2021-01-23,4.0,True,Thomas Laurent,Europe,Spare part not delivered on time
CAS00083,ACC0013,Tata Advanced Systems,Delivery Delay,Low,Closed,Rafale F4,2024-05-06,2024-10-15,162.0,False,Luc Fabre,Europe,Spare part not delivered on time
CAS00084,ACC0011,Thales Group,Delivery Delay,High,Closed,Falcon 6X,2021-10-08,2021-12-12,65.0,False,Thomas Laurent,Asia,Engine vibration anomaly reported during training
CAS00085,ACC0027,Swiss Air Force,Warranty Claim,Medium,Closed,MRO Contract Rafale,2024-01-10,2024-01-18,8.0,True,Pierre Renard,Asia,Maintenance contract renewal query
CAS00086,ACC0021,Boeing India,Documentation,Medium,Closed,Falcon 6X,2024-07-14,2024-11-01,110.0,False,Claire Vidal,Asia,Engine vibration anomaly reported during training
CAS00087,ACC0018,Honeywell India,Technical Issue,Critical,Closed,Falcon 8X,2024-08-06,2024-09-10,35.0,False,Pierre Renard,Europe,Documentation missing for customs
CAS00088,ACC0027,Swiss Air Force,Delivery Delay,Medium,In Progress,Rafale F3-R,2019-08-01,,,,Luc Fabre,Asia,Maintenance contract renewal query
CAS00089,ACC0022,Lockheed Martin India,Warranty Claim,Medium,Closed,Rafale F4,2024-07-12,2024-08-19,38.0,False,Claire Vidal,Africa,Documentation missing for customs
CAS00090,ACC0006,Qatar Emiri Air Force,Training Request,Medium,Closed,MRO Contract Rafale,2023-11-06,2023-11-23,17.0,True,Julie Petit,Middle East,Maintenance contract renewal query
CAS00091,ACC0007,Indonesian Air Force,Documentation,Low,Closed,Rafale F4,2020-12-29,2021-04-20,112.0,False,Julie Petit,Asia,Structural inspection due — spare needed
CAS00092,ACC0011,Thales Group,Technical Issue,Low,Closed,Rafale F4,2021-01-28,2021-07-16,169.0,False,Julie Petit,Asia,Structural inspection due — spare needed
CAS00093,ACC0007,Indonesian Air Force,Documentation,High,Closed,Falcon 6X,2023-04-11,2023-09-30,172.0,False,Julie Petit,Asia,Maintenance contract renewal query
CAS00094,ACC0014,HAL (Hindustan Aeronautics),Warranty Claim,High,Closed,Rafale F4,2019-03-29,2019-04-09,11.0,True,Claire Vidal,Middle East,Avionics software update required
CAS00095,ACC0025,Malaysian RMAF,Spare Part Urgent,Medium,Escalated,Rafale F4,2021-08-04,,,,Luc Fabre,Europe,Engine vibration anomaly reported during training
CAS00096,ACC0024,Royal Saudi Air Force,Delivery Delay,Medium,Closed,Rafale F4,2023-10-13,2024-03-13,152.0,False,Claire Vidal,Middle East,Spare part not delivered on time
CAS00097,ACC0010,Safran Group,Technical Issue,Low,Closed,Rafale F3-R,2024-03-30,2024-06-27,89.0,False,Thomas Laurent,Europe,Avionics software update required
CAS00098,ACC0012,Dassault Reliance Aerospace,Warranty Claim,Medium,Closed,MRO Contract Rafale,2019-01-26,2019-06-17,142.0,False,Julie Petit,Africa,Structural inspection due — spare needed
CAS00099,ACC0026,Singapore Air Force,Warranty Claim,Medium,Escalated,Falcon 6X,2023-06-25,,,,Thomas Laurent,Middle East,Spare part not delivered on time
CAS00100,ACC0025,Malaysian RMAF,Warranty Claim,Low,Closed,Falcon 8X,2019-10-17,2019-10-20,3.0,True,Luc Fabre,Europe,Structural inspection due — spare needed
CAS00101,ACC0025,Malaysian RMAF,Warranty Claim,Medium,Closed,Rafale F4,2021-11-19,2022-02-19,92.0,False,Claire Vidal,Europe,Structural inspection due — spare needed
CAS00102,ACC0011,Thales Group,Delivery Delay,Medium,Escalated,Falcon 8X,2022-10-10,,,,Julie Petit,Asia,Engine vibration anomaly reported during training
CAS00103,ACC0012,Dassault Reliance Aerospace,Training Request,High,Escalated,Falcon 8X,2022-04-19,,,,Luc Fabre,Africa,Maintenance contract renewal query
CAS00104,ACC0023,Egyptian Air Force,Training Request,Medium,In Progress,Rafale F3-R,2020-02-12,,,,Pierre Renard,Europe,Avionics software update required
CAS00105,ACC0008,Croatian Air Force,Technical Issue,Low,Closed,Falcon 8X,2023-07-05,2023-12-07,155.0,False,Luc Fabre,Europe,Documentation missing for customs
CAS00106,ACC0003,Armée de l'Air française,Delivery Delay,High,Closed,Rafale F4,2024-07-05,2024-08-11,37.0,False,Thomas Laurent,Europe,Maintenance contract renewal query
CAS00107,ACC0016,Reliance Defence,Technical Issue,Low,Closed,Rafale F4,2024-08-19,2024-12-17,120.0,False,Pierre Renard,Middle East,Spare part not delivered on time
CAS00108,ACC0021,Boeing India,Technical Issue,Medium,Escalated,MRO Contract Rafale,2020-04-03,,,,Julie Petit,Asia,Spare part not delivered on time
CAS00109,ACC0012,Dassault Reliance Aerospace,Documentation,High,Closed,Rafale F4,2022-06-12,2022-12-04,175.0,False,Luc Fabre,Africa,Engine vibration anomaly reported during training
CAS00110,ACC0029,Finnish Air Force,Spare Part Urgent,Medium,Closed,Falcon 6X,2020-10-22,2021-01-12,82.0,False,Pierre Renard,Europe,Engine vibration anomaly reported during training
CAS00111,ACC0003,Armée de l'Air française,Delivery Delay,Low,Closed,Rafale F3-R,2022-06-06,2022-07-29,53.0,False,Luc Fabre,Europe,Structural inspection due — spare needed
CAS00112,ACC0017,GE Aviation India,Delivery Delay,Critical,In Progress,Falcon 8X,2023-07-08,,,,Julie Petit,Asia,Documentation missing for customs
CAS00113,ACC0022,Lockheed Martin India,Spare Part Urgent,Critical,Open,Rafale F4,2019-04-18,,,,Thomas Laurent,Africa,Documentation missing for customs
CAS00114,ACC0018,Honeywell India,Technical Issue,Low,Closed,Rafale F4,2023-03-05,2023-08-26,174.0,False,Luc Fabre,Europe,Structural inspection due — spare needed
CAS00115,ACC0005,Hellenic Air Force,Warranty Claim,Critical,Open,Falcon 6X,2022-06-01,,,,Luc Fabre,Europe,Spare part not delivered on time
CAS00116,ACC0017,GE Aviation India,Training Request,Medium,Closed,Falcon 6X,2021-12-08,2021-12-25,17.0,True,Julie Petit,Asia,Avionics software update required
CAS00117,ACC0021,Boeing India,Technical Issue,High,Escalated,MRO Contract Rafale,2021-02-23,,,,Thomas Laurent,Asia,Engine vibration anomaly reported during training
CAS00118,ACC0007,Indonesian Air Force,Delivery Delay,Medium,Closed,Falcon 6X,2020-06-09,2020-08-20,72.0,False,Claire Vidal,Asia,Spare part not delivered on time
CAS00119,ACC0024,Royal Saudi Air Force,Technical Issue,Critical,Closed,Falcon 8X,2021-04-19,2021-05-23,34.0,False,Luc Fabre,Middle East,Engine vibration anomaly reported during training
CAS00120,ACC0026,Singapore Air Force,Technical Issue,Critical,Closed,Falcon 8X,2019-03-27,2019-07-07,102.0,False,Luc Fabre,Middle East,Spare part not delivered on time
CAS00121,ACC0004,UAE Air Force,Documentation,Medium,Closed,Falcon 8X,2021-08-18,2021-11-12,86.0,False,Pierre Renard,Middle East,Engine vibration anomaly reported during training
CAS00122,ACC0024,Royal Saudi Air Force,Documentation,Medium,Closed,Rafale F4,2024-04-18,2024-05-26,38.0,False,Julie Petit,Middle East,Documentation missing for customs
CAS00123,ACC0014,HAL (Hindustan Aeronautics),Technical Issue,Medium,Open,MRO Contract Rafale,2024-03-16,,,,Julie Petit,Middle East,Structural inspection due — spare needed
CAS00124,ACC0019,Collins Aerospace India,Training Request,Medium,Closed,Falcon 6X,2024-07-27,2024-11-21,117.0,False,Claire Vidal,Europe,Engine vibration anomaly reported during training
CAS00125,ACC0007,Indonesian Air Force,Technical Issue,High,Closed,Rafale F4,2024-08-10,2025-01-26,169.0,False,Julie Petit,Asia,Structural inspection due — spare needed
CAS00126,ACC0003,Armée de l'Air française,Documentation,Medium,Closed,Rafale F3-R,2021-07-03,2021-12-15,165.0,False,Claire Vidal,Europe,Structural inspection due — spare needed
CAS00127,ACC0016,Reliance Defence,Warranty Claim,High,In Progress,Falcon 8X,2021-07-09,,,,Claire Vidal,Middle East,Maintenance contract renewal query
CAS00128,ACC0017,GE Aviation India,Documentation,Medium,Closed,Falcon 6X,2023-08-06,2023-08-28,22.0,True,Pierre Renard,Asia,Documentation missing for customs
CAS00129,ACC0004,UAE Air Force,Documentation,Medium,Closed,Falcon 8X,2019-05-06,2019-10-02,149.0,False,Luc Fabre,Middle East,Spare part not delivered on time
CAS00130,ACC0021,Boeing India,Warranty Claim,Medium,Closed,MRO Contract Rafale,2020-03-14,2020-07-17,125.0,False,Pierre Renard,Asia,Structural inspection due — spare needed
CAS00131,ACC0004,UAE Air Force,Documentation,High,Closed,Falcon 8X,2022-08-25,2022-12-04,101.0,False,Claire Vidal,Middle East,Documentation missing for customs
CAS00132,ACC0020,Rolls-Royce India,Delivery Delay,Medium,Closed,MRO Contract Rafale,2021-02-22,2021-07-22,150.0,False,Claire Vidal,Europe,Documentation missing for customs
CAS00133,ACC0001,Indian Air Force,Training Request,Low,Closed,Rafale F3-R,2023-08-09,2023-10-29,81.0,False,Pierre Renard,Asia,Engine vibration anomaly reported during training
CAS00134,ACC0024,Royal Saudi Air Force,Warranty Claim,High,Closed,MRO Contract Rafale,2024-04-01,2024-04-21,20.0,True,Claire Vidal,Middle East,Spare part not delivered on time
CAS00135,ACC0002,Indian Navy,Warranty Claim,Medium,Closed,Rafale F4,2022-11-19,2023-05-05,167.0,False,Claire Vidal,Africa,Documentation missing for customs
CAS00136,ACC0010,Safran Group,Documentation,Medium,Closed,Falcon 6X,2019-05-28,2019-10-08,133.0,False,Thomas Laurent,Europe,Avionics software update required
CAS00137,ACC0023,Egyptian Air Force,Spare Part Urgent,Low,Closed,Rafale F4,2024-08-23,2025-01-08,138.0,False,Pierre Renard,Europe,Engine vibration anomaly reported during training
CAS00138,ACC0025,Malaysian RMAF,Delivery Delay,Medium,Closed,Rafale F3-R,2019-05-09,2019-09-03,117.0,False,Claire Vidal,Europe,Engine vibration anomaly reported during training
CAS00139,ACC0025,Malaysian RMAF,Technical Issue,Medium,Closed,Falcon 8X,2022-06-25,2022-07-13,18.0,True,Thomas Laurent,Europe,Engine vibration anomaly reported during training
CAS00140,ACC0023,Egyptian Air Force,Spare Part Urgent,Medium,Closed,Falcon 8X,2023-12-22,2024-04-26,126.0,False,Luc Fabre,Europe,Engine vibration anomaly reported during training
CAS00141,ACC0023,Egyptian Air Force,Training Request,Critical,Closed,Falcon 6X,2022-06-26,2022-10-09,105.0,False,Claire Vidal,Europe,Documentation missing for customs
CAS00142,ACC0005,Hellenic Air Force,Warranty Claim,High,In Progress,Rafale F3-R,2023-11-11,,,,Claire Vidal,Europe,Structural inspection due — spare needed
CAS00143,ACC0018,Honeywell India,Technical Issue,Low,Closed,MRO Contract Rafale,2023-08-25,2023-09-24,30.0,True,Thomas Laurent,Europe,Avionics software update required
CAS00144,ACC0025,Malaysian RMAF,Warranty Claim,Medium,Closed,Rafale F3-R,2019-02-26,2019-04-08,41.0,False,Claire Vidal,Europe,Maintenance contract renewal query
CAS00145,ACC0010,Safran Group,Training Request,High,Closed,Falcon 8X,2021-07-07,2021-07-15,8.0,True,Thomas Laurent,Europe,Maintenance contract renewal query
CAS00146,ACC0014,HAL (Hindustan Aeronautics),Spare Part Urgent,Low,Closed,Rafale F3-R,2024-05-31,2024-08-05,66.0,False,Pierre Renard,Middle East,Maintenance contract renewal query
CAS00147,ACC0025,Malaysian RMAF,Spare Part Urgent,Low,Closed,Falcon 6X,2019-08-22,2019-10-20,59.0,False,Thomas Laurent,Europe,Structural inspection due — spare needed
CAS00148,ACC0020,Rolls-Royce India,Delivery Delay,High,Closed,MRO Contract Rafale,2024-08-10,2025-01-04,147.0,False,Pierre Renard,Europe,Documentation missing for customs
CAS00149,ACC0015,MBDA India,Technical Issue,High,Closed,Rafale F4,2019-04-02,2019-08-16,136.0,False,Luc Fabre,Europe,Engine vibration anomaly reported during training
CAS00150,ACC0017,GE Aviation India,Delivery Delay,High,Closed,Rafale F3-R,2023-10-11,2023-12-24,74.0,False,Claire Vidal,Asia,Documentation missing for customs
CAS00151,ACC0023,Egyptian Air Force,Spare Part Urgent,Medium,Closed,Rafale F4,2023-04-02,2023-04-27,25.0,True,Thomas Laurent,Europe,Documentation missing for customs
CAS00152,ACC0020,Rolls-Royce India,Technical Issue,Critical,Closed,Falcon 8X,2019-11-27,2020-03-28,122.0,False,Pierre Renard,Europe,Avionics software update required
CAS00153,ACC0009,Airbus Group,Warranty Claim,Low,Closed,Falcon 6X,2021-03-21,2021-04-30,40.0,False,Claire Vidal,Europe,Engine vibration anomaly reported during training
CAS00154,ACC0027,Swiss Air Force,Warranty Claim,Critical,Closed,Rafale F4,2022-09-16,2022-10-22,36.0,False,Pierre Renard,Asia,Engine vibration anomaly reported during training
CAS00155,ACC0003,Armée de l'Air française,Technical Issue,High,Closed,Rafale F3-R,2022-10-10,2023-03-23,164.0,False,Pierre Renard,Europe,Engine vibration anomaly reported during training
CAS00156,ACC0013,Tata Advanced Systems,Documentation,Medium,Closed,MRO Contract Rafale,2019-02-17,2019-04-22,64.0,False,Pierre Renard,Europe,Engine vibration anomaly reported during training
CAS00157,ACC0026,Singapore Air Force,Delivery Delay,Critical,Closed,Falcon 8X,2019-05-16,2019-06-18,33.0,False,Claire Vidal,Middle East,Spare part not delivered on time
CAS00158,ACC0021,Boeing India,Documentation,Low,Closed,Rafale F4,2023-10-03,2024-01-24,113.0,False,Claire Vidal,Asia,Spare part not delivered on time
CAS00159,ACC0018,Honeywell India,Training Request,High,Closed,Falcon 6X,2021-12-23,2022-03-14,81.0,False,Luc Fabre,Europe,Maintenance contract renewal query
CAS00160,ACC0011,Thales Group,Training Request,Medium,Closed,Rafale F3-R,2022-06-28,2022-08-04,37.0,False,Julie Petit,Asia,Documentation missing for customs
CAS00161,ACC0028,Belgian Air Force,Warranty Claim,Medium,Closed,Rafale F4,2022-09-11,2023-01-02,113.0,False,Thomas Laurent,Europe,Structural inspection due — spare needed
CAS00162,ACC0005,Hellenic Air Force,Technical Issue,High,Escalated,MRO Contract Rafale,2023-02-19,,,,Claire Vidal,Europe,Engine vibration anomaly reported during training
CAS00163,ACC0006,Qatar Emiri Air Force,Warranty Claim,Medium,Escalated,Rafale F4,2021-02-23,,,,Claire Vidal,Middle East,Structural inspection due — spare needed
CAS00164,ACC0002,Indian Navy,Warranty Claim,Low,Closed,Rafale F4,2021-04-24,2021-10-02,161.0,False,Julie Petit,Africa,Structural inspection due — spare needed
CAS00165,ACC0001,Indian Air Force,Training Request,High,In Progress,MRO Contract Rafale,2022-10-08,,,,Luc Fabre,Asia,Structural inspection due — spare needed
CAS00166,ACC0022,Lockheed Martin India,Warranty Claim,Medium,Closed,Falcon 8X,2024-01-22,2024-04-24,93.0,False,Pierre Renard,Africa,Documentation missing for customs
CAS00167,ACC0006,Qatar Emiri Air Force,Training Request,Medium,Closed,Falcon 8X,2022-02-22,2022-06-24,122.0,False,Claire Vidal,Middle East,Documentation missing for customs
CAS00168,ACC0019,Collins Aerospace India,Delivery Delay,Critical,Closed,Falcon 6X,2023-05-19,2023-10-17,151.0,False,Claire Vidal,Europe,Engine vibration anomaly reported during training
CAS00169,ACC0002,Indian Navy,Spare Part Urgent,Medium,Escalated,Rafale F4,2023-11-16,,,,Thomas Laurent,Africa,Documentation missing for customs
CAS00170,ACC0018,Honeywell India,Documentation,Medium,In Progress,Falcon 8X,2023-11-15,,,,Pierre Renard,Europe,Avionics software update required
CAS00171,ACC0015,MBDA India,Warranty Claim,Low,Closed,Falcon 8X,2021-07-22,2021-12-13,144.0,False,Thomas Laurent,Europe,Engine vibration anomaly reported during training
CAS00172,ACC0019,Collins Aerospace India,Technical Issue,Low,In Progress,Rafale F3-R,2020-02-17,,,,Thomas Laurent,Europe,Spare part not delivered on time
CAS00173,ACC0028,Belgian Air Force,Documentation,High,Closed,Falcon 6X,2023-01-16,2023-04-17,91.0,False,Luc Fabre,Europe,Engine vibration anomaly reported during training
CAS00174,ACC0025,Malaysian RMAF,Spare Part Urgent,Low,Open,Rafale F4,2023-11-14,,,,Claire Vidal,Europe,Avionics software update required
CAS00175,ACC0001,Indian Air Force,Delivery Delay,Medium,Closed,Rafale F3-R,2023-12-09,2024-03-20,102.0,False,Thomas Laurent,Asia,Documentation missing for customs
CAS00176,ACC0007,Indonesian Air Force,Delivery Delay,High,Closed,Rafale F3-R,2020-05-24,2020-06-08,15.0,True,Pierre Renard,Asia,Maintenance contract renewal query
CAS00177,ACC0022,Lockheed Martin India,Spare Part Urgent,Medium,Closed,MRO Contract Rafale,2022-05-02,2022-10-12,163.0,False,Claire Vidal,Africa,Documentation missing for customs
CAS00178,ACC0005,Hellenic Air Force,Delivery Delay,Medium,Closed,Rafale F4,2024-02-27,2024-05-29,92.0,False,Thomas Laurent,Europe,Engine vibration anomaly reported during training
CAS00179,ACC0026,Singapore Air Force,Spare Part Urgent,Medium,Closed,Falcon 8X,2024-08-07,2024-10-14,68.0,False,Claire Vidal,Middle East,Documentation missing for customs
CAS00180,ACC0020,Rolls-Royce India,Training Request,Medium,Closed,Rafale F3-R,2022-12-22,2023-03-23,91.0,False,Pierre Renard,Europe,Avionics software update required
CAS00181,ACC0024,Royal Saudi Air Force,Documentation,Low,Closed,Rafale F4,2021-03-01,2021-07-06,127.0,False,Thomas Laurent,Middle East,Maintenance contract renewal query
CAS00182,ACC0004,UAE Air Force,Delivery Delay,Low,In Progress,Rafale F3-R,2021-07-25,,,,Pierre Renard,Middle East,Spare part not delivered on time
CAS00183,ACC0020,Rolls-Royce India,Delivery Delay,Medium,Closed,Rafale F3-R,2021-05-04,2021-10-22,171.0,False,Thomas Laurent,Europe,Avionics software update required
CAS00184,ACC0030,Kuwait Air Force,Warranty Claim,Low,Closed,Falcon 8X,2022-01-13,2022-07-03,171.0,False,Thomas Laurent,Europe,Documentation missing for customs
CAS00185,ACC0022,Lockheed Martin India,Delivery Delay,Medium,Open,MRO Contract Rafale,2023-02-10,,,,Luc Fabre,Africa,Engine vibration anomaly reported during training
CAS00186,ACC0001,Indian Air Force,Delivery Delay,Medium,Open,MRO Contract Rafale,2022-12-05,,,,Julie Petit,Asia,Spare part not delivered on time
CAS00187,ACC0002,Indian Navy,Documentation,Medium,Closed,MRO Contract Rafale,2024-05-07,2024-07-21,75.0,False,Claire Vidal,Africa,Spare part not delivered on time
CAS00188,ACC0026,Singapore Air Force,Training Request,Medium,Closed,Falcon 8X,2020-07-06,2020-10-22,108.0,False,Pierre Renard,Middle East,Spare part not delivered on time
CAS00189,ACC0020,Rolls-Royce India,Delivery Delay,Low,Closed,Rafale F4,2021-05-10,2021-07-17,68.0,False,Thomas Laurent,Europe,Spare part not delivered on time
CAS00190,ACC0024,Royal Saudi Air Force,Delivery Delay,Medium,Closed,MRO Contract Rafale,2020-06-29,2020-11-10,134.0,False,Pierre Renard,Middle East,Engine vibration anomaly reported during training
CAS00191,ACC0027,Swiss Air Force,Technical Issue,High,Open,Falcon 6X,2022-11-12,,,,Thomas Laurent,Asia,Spare part not delivered on time
CAS00192,ACC0003,Armée de l'Air française,Documentation,Medium,Escalated,MRO Contract Rafale,2021-11-20,,,,Thomas Laurent,Europe,Structural inspection due — spare needed
CAS00193,ACC0022,Lockheed Martin India,Delivery Delay,Low,Closed,Rafale F3-R,2023-04-17,2023-07-14,88.0,False,Claire Vidal,Africa,Documentation missing for customs
CAS00194,ACC0016,Reliance Defence,Technical Issue,Medium,Open,MRO Contract Rafale,2021-10-15,,,,Julie Petit,Middle East,Structural inspection due — spare needed
CAS00195,ACC0007,Indonesian Air Force,Technical Issue,Medium,Closed,MRO Contract Rafale,2019-09-26,2019-11-22,57.0,False,Claire Vidal,Asia,Engine vibration anomaly reported during training
CAS00196,ACC0016,Reliance Defence,Training Request,Low,Closed,Rafale F4,2021-05-08,2021-09-05,120.0,False,Luc Fabre,Middle East,Spare part not delivered on time
CAS00197,ACC0020,Rolls-Royce India,Technical Issue,Medium,Closed,MRO Contract Rafale,2024-05-05,2024-07-15,71.0,False,Claire Vidal,Europe,Engine vibration anomaly reported during training
CAS00198,ACC0029,Finnish Air Force,Documentation,Low,Closed,Falcon 8X,2020-10-16,2021-02-10,117.0,False,Julie Petit,Europe,Maintenance contract renewal query
CAS00199,ACC0027,Swiss Air Force,Spare Part Urgent,Medium,Closed,Rafale F3-R,2019-04-20,2019-08-04,106.0,False,Julie Petit,Asia,Engine vibration anomaly reported during training
CAS00200,ACC0016,Reliance Defence,Spare Part Urgent,Medium,In Progress,Rafale F3-R,2020-09-09,,,,Pierre Renard,Middle East,Engine vibration anomaly reported during training
CAS00201,ACC0017,GE Aviation India,Spare Part Urgent,Low,Closed,Falcon 8X,2022-02-17,2022-04-21,63.0,False,Julie Petit,Asia,Avionics software update required
CAS00202,ACC0025,Malaysian RMAF,Delivery Delay,Critical,In Progress,MRO Contract Rafale,2019-06-04,,,,Julie Petit,Europe,Structural inspection due — spare needed
CAS00203,ACC0024,Royal Saudi Air Force,Training Request,Medium,Closed,MRO Contract Rafale,2024-03-17,2024-04-16,30.0,True,Luc Fabre,Middle East,Spare part not delivered on time
CAS00204,ACC0006,Qatar Emiri Air Force,Spare Part Urgent,Medium,Open,Falcon 6X,2021-03-16,,,,Luc Fabre,Middle East,Structural inspection due — spare needed
CAS00205,ACC0010,Safran Group,Delivery Delay,Low,Closed,Falcon 8X,2019-10-02,2019-10-06,4.0,True,Luc Fabre,Europe,Spare part not delivered on time
CAS00206,ACC0030,Kuwait Air Force,Spare Part Urgent,Medium,In Progress,Falcon 6X,2019-04-09,,,,Claire Vidal,Europe,Structural inspection due — spare needed
CAS00207,ACC0023,Egyptian Air Force,Spare Part Urgent,High,Closed,Rafale F3-R,2024-06-07,2024-11-29,175.0,False,Julie Petit,Europe,Documentation missing for customs
CAS00208,ACC0019,Collins Aerospace India,Warranty Claim,Medium,Closed,Falcon 6X,2020-02-02,2020-02-14,12.0,True,Pierre Renard,Europe,Spare part not delivered on time
CAS00209,ACC0013,Tata Advanced Systems,Training Request,High,Closed,Rafale F4,2023-08-16,2024-02-06,174.0,False,Julie Petit,Europe,Avionics software update required
CAS00210,ACC0011,Thales Group,Warranty Claim,Medium,Closed,Rafale F4,2020-03-03,2020-04-04,32.0,False,Luc Fabre,Asia,Documentation missing for customs
CAS00211,ACC0026,Singapore Air Force,Documentation,High,Closed,Rafale F3-R,2021-07-14,2021-09-22,70.0,False,Claire Vidal,Middle East,Avionics software update required
CAS00212,ACC0005,Hellenic Air Force,Warranty Claim,Medium,Closed,Falcon 8X,2020-03-10,2020-06-17,99.0,False,Julie Petit,Europe,Spare part not delivered on time
CAS00213,ACC0028,Belgian Air Force,Documentation,Medium,In Progress,Falcon 6X,2022-03-19,,,,Claire Vidal,Europe,Engine vibration anomaly reported during training
CAS00214,ACC0015,MBDA India,Warranty Claim,Medium,Closed,Falcon 6X,2023-09-15,2024-03-12,179.0,False,Claire Vidal,Europe,Structural inspection due — spare needed
CAS00215,ACC0003,Armée de l'Air française,Documentation,Low,In Progress,Falcon 6X,2019-12-19,,,,Pierre Renard,Europe,Avionics software update required
CAS00216,ACC0010,Safran Group,Delivery Delay,Medium,Closed,Falcon 6X,2020-01-11,2020-06-19,160.0,False,Julie Petit,Europe,Structural inspection due — spare needed
CAS00217,ACC0029,Finnish Air Force,Technical Issue,Critical,Closed,Rafale F4,2022-07-22,2022-11-21,122.0,False,Claire Vidal,Europe,Structural inspection due — spare needed
CAS00218,ACC0007,Indonesian Air Force,Warranty Claim,Medium,Closed,MRO Contract Rafale,2020-03-24,2020-06-01,69.0,False,Julie Petit,Asia,Spare part not delivered on time
CAS00219,ACC0030,Kuwait Air Force,Spare Part Urgent,Critical,Closed,Falcon 6X,2021-11-25,2022-03-18,113.0,False,Luc Fabre,Europe,Documentation missing for customs
CAS00220,ACC0002,Indian Navy,Training Request,High,Closed,MRO Contract Rafale,2024-05-30,2024-07-21,52.0,False,Thomas Laurent,Africa,Documentation missing for customs
CAS00221,ACC0013,Tata Advanced Systems,Spare Part Urgent,High,Closed,Rafale F3-R,2020-12-31,2021-06-28,179.0,False,Pierre Renard,Europe,Maintenance contract renewal query
CAS00222,ACC0024,Royal Saudi Air Force,Warranty Claim,Medium,Closed,Rafale F3-R,2020-10-13,2020-12-06,54.0,False,Pierre Renard,Middle East,Documentation missing for customs
CAS00223,ACC0013,Tata Advanced Systems,Delivery Delay,Low,Closed,Rafale F3-R,2024-06-04,2024-06-23,19.0,True,Luc Fabre,Europe,Structural inspection due — spare needed
CAS00224,ACC0025,Malaysian RMAF,Spare Part Urgent,High,Closed,MRO Contract Rafale,2022-10-30,2023-03-09,130.0,False,Luc Fabre,Europe,Documentation missing for customs
CAS00225,ACC0008,Croatian Air Force,Warranty Claim,Medium,Closed,Falcon 6X,2020-08-04,2020-09-20,47.0,False,Luc Fabre,Europe,Engine vibration anomaly reported during training
CAS00226,ACC0019,Collins Aerospace India,Training Request,Low,Closed,Rafale F4,2019-01-04,2019-03-31,86.0,False,Thomas Laurent,Europe,Maintenance contract renewal query
CAS00227,ACC0020,Rolls-Royce India,Technical Issue,High,Closed,Falcon 8X,2019-07-09,2019-08-31,53.0,False,Luc Fabre,Europe,Spare part not delivered on time
CAS00228,ACC0027,Swiss Air Force,Delivery Delay,Medium,Closed,Falcon 8X,2023-07-20,2023-09-07,49.0,False,Thomas Laurent,Asia,Maintenance contract renewal query
CAS00229,ACC0030,Kuwait Air Force,Spare Part Urgent,Low,Closed,Falcon 6X,2021-12-29,2022-06-21,174.0,False,Thomas Laurent,Europe,Engine vibration anomaly reported during training
CAS00230,ACC0024,Royal Saudi Air Force,Technical Issue,Critical,Closed,Falcon 8X,2024-08-03,2024-11-21,110.0,False,Thomas Laurent,Middle East,Engine vibration anomaly reported during training
CAS00231,ACC0027,Swiss Air Force,Training Request,Critical,Closed,Rafale F3-R,2022-02-12,2022-04-17,64.0,False,Claire Vidal,Asia,Maintenance contract renewal query
CAS00232,ACC0019,Collins Aerospace India,Training Request,Low,Closed,Falcon 8X,2019-11-21,2020-05-09,170.0,False,Pierre Renard,Europe,Avionics software update required
CAS00233,ACC0018,Honeywell India,Documentation,Medium,In Progress,Rafale F4,2023-11-28,,,,Julie Petit,Europe,Maintenance contract renewal query
CAS00234,ACC0015,MBDA India,Technical Issue,Low,In Progress,Falcon 6X,2023-11-24,,,,Claire Vidal,Europe,Engine vibration anomaly reported during training
CAS00235,ACC0024,Royal Saudi Air Force,Spare Part Urgent,Medium,Closed,Rafale F3-R,2022-08-24,2022-11-28,96.0,False,Julie Petit,Middle East,Spare part not delivered on time
CAS00236,ACC0010,Safran Group,Delivery Delay,Medium,Closed,Falcon 8X,2024-08-07,2024-10-17,71.0,False,Pierre Renard,Europe,Maintenance contract renewal query
CAS00237,ACC0003,Armée de l'Air française,Documentation,Medium,Escalated,Falcon 6X,2021-10-23,,,,Pierre Renard,Europe,Avionics software update required
CAS00238,ACC0007,Indonesian Air Force,Technical Issue,Medium,Closed,Rafale F4,2021-11-23,2022-01-07,45.0,False,Pierre Renard,Asia,Maintenance contract renewal query
CAS00239,ACC0008,Croatian Air Force,Spare Part Urgent,Medium,Open,Falcon 6X,2020-10-14,,,,Luc Fabre,Europe,Spare part not delivered on time
CAS00240,ACC0028,Belgian Air Force,Warranty Claim,Medium,Closed,MRO Contract Rafale,2020-07-21,2020-07-23,2.0,True,Claire Vidal,Europe,Documentation missing for customs
CAS00241,ACC0014,HAL (Hindustan Aeronautics),Technical Issue,Medium,Closed,Falcon 8X,2024-02-01,2024-06-04,124.0,False,Luc Fabre,Middle East,Maintenance contract renewal query
CAS00242,ACC0015,MBDA India,Warranty Claim,Medium,Closed,MRO Contract Rafale,2023-04-05,2023-06-20,76.0,False,Pierre Renard,Europe,Structural inspection due — spare needed
CAS00243,ACC0003,Armée de l'Air française,Warranty Claim,Medium,Closed,Falcon 6X,2020-02-09,2020-04-29,80.0,False,Thomas Laurent,Europe,Maintenance contract renewal query
CAS00244,ACC0015,MBDA India,Documentation,Medium,Closed,Falcon 6X,2023-06-25,2023-10-25,122.0,False,Claire Vidal,Europe,Avionics software update required
CAS00245,ACC0013,Tata Advanced Systems,Technical Issue,Medium,Closed,Falcon 8X,2019-07-11,2019-08-13,33.0,False,Pierre Renard,Europe,Structural inspection due — spare needed
CAS00246,ACC0014,HAL (Hindustan Aeronautics),Delivery Delay,Critical,Closed,Falcon 8X,2022-06-27,2022-09-18,83.0,False,Luc Fabre,Middle East,Documentation missing for customs
CAS00247,ACC0019,Collins Aerospace India,Spare Part Urgent,Medium,Closed,Rafale F4,2024-07-20,2024-12-19,152.0,False,Thomas Laurent,Europe,Documentation missing for customs
CAS00248,ACC0010,Safran Group,Technical Issue,Medium,Escalated,MRO Contract Rafale,2022-02-03,,,,Claire Vidal,Europe,Maintenance contract renewal query
CAS00249,ACC0002,Indian Navy,Spare Part Urgent,Low,Closed,Falcon 6X,2023-08-24,2023-10-07,44.0,False,Pierre Renard,Africa,Maintenance contract renewal query
CAS00250,ACC0017,GE Aviation India,Technical Issue,Critical,Closed,Falcon 6X,2023-11-04,2024-01-14,71.0,False,Pierre Renard,Asia,Documentation missing for customs
CAS00251,ACC0014,HAL (Hindustan Aeronautics),Delivery Delay,High,Closed,Rafale F3-R,2023-11-04,2023-11-14,10.0,True,Claire Vidal,Middle East,Spare part not delivered on time
CAS00252,ACC0002,Indian Navy,Documentation,High,Escalated,Rafale F4,2021-03-05,,,,Pierre Renard,Africa,Engine vibration anomaly reported during training
CAS00253,ACC0029,Finnish Air Force,Technical Issue,Low,Escalated,Falcon 8X,2019-11-20,,,,Luc Fabre,Europe,Avionics software update required
CAS00254,ACC0012,Dassault Reliance Aerospace,Warranty Claim,Medium,Closed,Falcon 8X,2021-10-27,2022-01-18,83.0,False,Claire Vidal,Africa,Spare part not delivered on time
CAS00255,ACC0023,Egyptian Air Force,Training Request,High,Closed,Rafale F3-R,2022-03-31,2022-08-24,146.0,False,Claire Vidal,Europe,Spare part not delivered on time
CAS00256,ACC0014,HAL (Hindustan Aeronautics),Training Request,Medium,Closed,MRO Contract Rafale,2024-02-17,2024-05-16,89.0,False,Pierre Renard,Middle East,Documentation missing for customs
CAS00257,ACC0003,Armée de l'Air française,Delivery Delay,Medium,Closed,Falcon 6X,2024-01-30,2024-06-18,140.0,False,Luc Fabre,Europe,Maintenance contract renewal query
CAS00258,ACC0008,Croatian Air Force,Training Request,Low,Closed,Falcon 6X,2022-09-06,2022-12-17,102.0,False,Pierre Renard,Europe,Maintenance contract renewal query
CAS00259,ACC0007,Indonesian Air Force,Training Request,Medium,Closed,Rafale F3-R,2022-12-26,2023-05-13,138.0,False,Thomas Laurent,Asia,Maintenance contract renewal query
CAS00260,ACC0018,Honeywell India,Training Request,Low,Closed,Rafale F3-R,2020-07-30,2021-01-21,175.0,False,Julie Petit,Europe,Structural inspection due — spare needed
CAS00261,ACC0024,Royal Saudi Air Force,Delivery Delay,High,Closed,Falcon 6X,2020-03-30,2020-07-19,111.0,False,Julie Petit,Middle East,Documentation missing for customs
CAS00262,ACC0021,Boeing India,Spare Part Urgent,High,Closed,MRO Contract Rafale,2024-04-11,2024-05-25,44.0,False,Claire Vidal,Asia,Spare part not delivered on time
CAS00263,ACC0014,HAL (Hindustan Aeronautics),Spare Part Urgent,Medium,Closed,Falcon 6X,2023-01-22,2023-05-27,125.0,False,Thomas Laurent,Middle East,Structural inspection due — spare needed
CAS00264,ACC0024,Royal Saudi Air Force,Technical Issue,High,In Progress,Rafale F3-R,2019-07-19,,,,Julie Petit,Middle East,Engine vibration anomaly reported during training
CAS00265,ACC0022,Lockheed Martin India,Delivery Delay,Low,Closed,Rafale F4,2022-07-05,2022-12-26,174.0,False,Julie Petit,Africa,Maintenance contract renewal query
CAS00266,ACC0015,MBDA India,Delivery Delay,High,In Progress,Rafale F3-R,2020-10-12,,,,Julie Petit,Europe,Engine vibration anomaly reported during training
CAS00267,ACC0021,Boeing India,Delivery Delay,Low,Closed,Falcon 8X,2022-01-27,2022-05-05,98.0,False,Thomas Laurent,Asia,Maintenance contract renewal query
CAS00268,ACC0006,Qatar Emiri Air Force,Training Request,High,In Progress,Rafale F4,2020-09-08,,,,Pierre Renard,Middle East,Structural inspection due — spare needed
CAS00269,ACC0007,Indonesian Air Force,Delivery Delay,High,Escalated,Rafale F4,2022-12-16,,,,Thomas Laurent,Asia,Spare part not delivered on time
CAS00270,ACC0011,Thales Group,Warranty Claim,Critical,Closed,Rafale F3-R,2021-09-12,2021-10-06,24.0,True,Thomas Laurent,Asia,Documentation missing for customs
CAS00271,ACC0011,Thales Group,Warranty Claim,Low,Open,Rafale F4,2022-03-08,,,,Claire Vidal,Asia,Structural inspection due — spare needed
CAS00272,ACC0010,Safran Group,Technical Issue,Medium,Closed,Falcon 8X,2021-02-15,2021-05-15,89.0,False,Luc Fabre,Europe,Maintenance contract renewal query
CAS00273,ACC0020,Rolls-Royce India,Delivery Delay,Medium,Closed,MRO Contract Rafale,2021-05-19,2021-07-22,64.0,False,Julie Petit,Europe,Structural inspection due — spare needed
CAS00274,ACC0026,Singapore Air Force,Warranty Claim,High,In Progress,Rafale F4,2024-03-22,,,,Luc Fabre,Middle East,Engine vibration anomaly reported during training
CAS00275,ACC0030,Kuwait Air Force,Documentation,Medium,Closed,Rafale F4,2019-02-19,2019-03-16,25.0,True,Claire Vidal,Europe,Maintenance contract renewal query
CAS00276,ACC0023,Egyptian Air Force,Training Request,Medium,Closed,Rafale F4,2021-09-16,2021-10-20,34.0,False,Thomas Laurent,Europe,Avionics software update required
CAS00277,ACC0012,Dassault Reliance Aerospace,Technical Issue,Medium,Closed,Falcon 6X,2022-11-06,2023-02-16,102.0,False,Claire Vidal,Africa,Avionics software update required
CAS00278,ACC0008,Croatian Air Force,Technical Issue,High,Closed,Rafale F3-R,2022-10-14,2023-03-06,143.0,False,Pierre Renard,Europe,Avionics software update required
CAS00279,ACC0014,HAL (Hindustan Aeronautics),Documentation,High,Open,MRO Contract Rafale,2023-10-20,,,,Pierre Renard,Middle East,Structural inspection due — spare needed
CAS00280,ACC0009,Airbus Group,Delivery Delay,Low,Closed,Falcon 8X,2021-01-04,2021-01-18,14.0,True,Luc Fabre,Europe,Maintenance contract renewal query
CAS00281,ACC0004,UAE Air Force,Documentation,High,Closed,Rafale F3-R,2021-04-30,2021-06-26,57.0,False,Thomas Laurent,Middle East,Spare part not delivered on time
CAS00282,ACC0016,Reliance Defence,Training Request,Medium,Closed,Rafale F4,2022-09-15,2022-11-28,74.0,False,Julie Petit,Middle East,Engine vibration anomaly reported during training
CAS00283,ACC0027,Swiss Air Force,Technical Issue,High,Closed,Rafale F3-R,2020-06-23,2020-11-25,155.0,False,Julie Petit,Asia,Engine vibration anomaly reported during training
CAS00284,ACC0005,Hellenic Air Force,Spare Part Urgent,Medium,Closed,Falcon 8X,2023-12-14,2024-02-15,63.0,False,Claire Vidal,Europe,Avionics software update required
CAS00285,ACC0022,Lockheed Martin India,Technical Issue,Medium,Closed,Rafale F3-R,2019-12-25,2020-02-10,47.0,False,Thomas Laurent,Africa,Maintenance contract renewal query
CAS00286,ACC0006,Qatar Emiri Air Force,Documentation,Medium,Escalated,Falcon 8X,2020-12-27,,,,Julie Petit,Middle East,Engine vibration anomaly reported during training
CAS00287,ACC0002,Indian Navy,Delivery Delay,Medium,Closed,Rafale F4,2019-01-16,2019-03-22,65.0,False,Thomas Laurent,Africa,Documentation missing for customs
CAS00288,ACC0010,Safran Group,Documentation,Medium,Closed,Falcon 6X,2021-10-25,2021-12-06,42.0,False,Julie Petit,Europe,Engine vibration anomaly reported during training
CAS00289,ACC0009,Airbus Group,Documentation,Critical,Open,Falcon 6X,2020-08-26,,,,Pierre Renard,Europe,Spare part not delivered on time
CAS00290,ACC0030,Kuwait Air Force,Delivery Delay,High,Closed,Falcon 6X,2023-12-14,2024-04-21,129.0,False,Julie Petit,Europe,Engine vibration anomaly reported during training
CAS00291,ACC0028,Belgian Air Force,Spare Part Urgent,High,Closed,Falcon 6X,2024-09-08,2025-01-01,115.0,False,Luc Fabre,Europe,Engine vibration anomaly reported during training
CAS00292,ACC0020,Rolls-Royce India,Warranty Claim,High,Open,Rafale F3-R,2021-06-13,,,,Julie Petit,Europe,Engine vibration anomaly reported during training
CAS00293,ACC0029,Finnish Air Force,Documentation,Low,Closed,Falcon 8X,2019-09-03,2019-10-28,55.0,False,Julie Petit,Europe,Maintenance contract renewal query
CAS00294,ACC0028,Belgian Air Force,Training Request,Low,Closed,Falcon 8X,2023-10-04,2024-02-03,122.0,False,Thomas Laurent,Europe,Documentation missing for customs
CAS00295,ACC0018,Honeywell India,Delivery Delay,Medium,In Progress,Falcon 6X,2023-08-20,,,,Luc Fabre,Europe,Spare part not delivered on time
CAS00296,ACC0010,Safran Group,Delivery Delay,High,Closed,Falcon 8X,2022-01-28,2022-07-11,164.0,False,Thomas Laurent,Europe,Documentation missing for customs
CAS00297,ACC0021,Boeing India,Warranty Claim,Low,Closed,Rafale F3-R,2023-08-20,2024-01-03,136.0,False,Claire Vidal,Asia,Documentation missing for customs
CAS00298,ACC0024,Royal Saudi Air Force,Technical Issue,Medium,Closed,Falcon 6X,2023-08-10,2023-11-04,86.0,False,Pierre Renard,Middle East,Documentation missing for customs
CAS00299,ACC0025,Malaysian RMAF,Warranty Claim,High,Closed,Falcon 6X,2019-10-06,2020-02-15,132.0,False,Thomas Laurent,Europe,Structural inspection due — spare needed
CAS00300,ACC0022,Lockheed Martin India,Warranty Claim,Low,Closed,Falcon 6X,2023-05-03,2023-09-25,145.0,False,Claire Vidal,Africa,Avionics software update required
CAS00301,ACC0001,Indian Air Force,Delivery Delay,Medium,Closed,Falcon 6X,2019-06-21,2019-12-02,164.0,False,Claire Vidal,Asia,Spare part not delivered on time
CAS00302,ACC0006,Qatar Emiri Air Force,Warranty Claim,Medium,Closed,Rafale F3-R,2023-06-07,2023-10-18,133.0,False,Luc Fabre,Middle East,Structural inspection due — spare needed
CAS00303,ACC0006,Qatar Emiri Air Force,Warranty Claim,Critical,Closed,Falcon 8X,2021-01-23,2021-02-25,33.0,False,Claire Vidal,Middle East,Documentation missing for customs
CAS00304,ACC0016,Reliance Defence,Training Request,Medium,Closed,Rafale F4,2023-02-17,2023-04-09,51.0,False,Thomas Laurent,Middle East,Avionics software update required
CAS00305,ACC0014,HAL (Hindustan Aeronautics),Delivery Delay,Low,Closed,Falcon 8X,2019-07-04,2019-09-15,73.0,False,Pierre Renard,Middle East,Engine vibration anomaly reported during training
CAS00306,ACC0006,Qatar Emiri Air Force,Technical Issue,High,In Progress,Rafale F4,2024-04-16,,,,Pierre Renard,Middle East,Structural inspection due — spare needed
CAS00307,ACC0018,Honeywell India,Spare Part Urgent,Medium,In Progress,Rafale F4,2020-08-07,,,,Claire Vidal,Europe,Maintenance contract renewal query
CAS00308,ACC0007,Indonesian Air Force,Documentation,Medium,Open,Falcon 8X,2020-09-17,,,,Julie Petit,Asia,Avionics software update required
CAS00309,ACC0029,Finnish Air Force,Training Request,Low,Closed,MRO Contract Rafale,2020-06-29,2020-07-06,7.0,True,Claire Vidal,Europe,Spare part not delivered on time
CAS00310,ACC0020,Rolls-Royce India,Spare Part Urgent,Low,Closed,Falcon 8X,2019-08-11,2019-12-09,120.0,False,Thomas Laurent,Europe,Avionics software update required
CAS00311,ACC0015,MBDA India,Training Request,Medium,In Progress,Falcon 8X,2019-04-09,,,,Thomas Laurent,Europe,Avionics software update required
CAS00312,ACC0013,Tata Advanced Systems,Spare Part Urgent,High,Closed,Rafale F3-R,2023-03-26,2023-09-19,177.0,False,Julie Petit,Europe,Maintenance contract renewal query
CAS00313,ACC0010,Safran Group,Delivery Delay,Low,Closed,Falcon 8X,2021-05-11,2021-09-18,130.0,False,Luc Fabre,Europe,Structural inspection due — spare needed
CAS00314,ACC0011,Thales Group,Documentation,Medium,Closed,MRO Contract Rafale,2022-10-05,2022-12-30,86.0,False,Thomas Laurent,Asia,Spare part not delivered on time
CAS00315,ACC0013,Tata Advanced Systems,Delivery Delay,Low,Closed,Rafale F4,2023-04-07,2023-05-15,38.0,False,Claire Vidal,Europe,Avionics software update required
CAS00316,ACC0024,Royal Saudi Air Force,Warranty Claim,Medium,Closed,Falcon 6X,2020-10-12,2021-03-23,162.0,False,Julie Petit,Middle East,Maintenance contract renewal query
CAS00317,ACC0020,Rolls-Royce India,Documentation,Medium,Closed,Falcon 6X,2020-11-09,2020-11-24,15.0,True,Pierre Renard,Europe,Spare part not delivered on time
CAS00318,ACC0025,Malaysian RMAF,Training Request,Medium,Closed,Rafale F3-R,2021-09-13,2021-11-17,65.0,False,Luc Fabre,Europe,Documentation missing for customs
CAS00319,ACC0004,UAE Air Force,Technical Issue,Medium,Closed,Falcon 6X,2022-05-06,2022-08-13,99.0,False,Julie Petit,Middle East,Avionics software update required
CAS00320,ACC0006,Qatar Emiri Air Force,Documentation,Medium,Closed,MRO Contract Rafale,2024-08-18,2024-11-25,99.0,False,Thomas Laurent,Middle East,Structural inspection due — spare needed
CAS00321,ACC0006,Qatar Emiri Air Force,Warranty Claim,Low,Closed,Rafale F4,2022-01-18,2022-06-22,155.0,False,Julie Petit,Middle East,Documentation missing for customs
CAS00322,ACC0003,Armée de l'Air française,Training Request,Low,Closed,Rafale F4,2023-10-16,2024-01-07,83.0,False,Claire Vidal,Europe,Documentation missing for customs
CAS00323,ACC0002,Indian Navy,Technical Issue,Medium,Closed,MRO Contract Rafale,2021-07-22,2021-09-21,61.0,False,Luc Fabre,Africa,Engine vibration anomaly reported during training
CAS00324,ACC0013,Tata Advanced Systems,Spare Part Urgent,Critical,Closed,Rafale F4,2021-02-19,2021-06-07,108.0,False,Pierre Renard,Europe,Avionics software update required
CAS00325,ACC0016,Reliance Defence,Spare Part Urgent,Low,Closed,Rafale F3-R,2021-10-11,2022-03-17,157.0,False,Pierre Renard,Middle East,Spare part not delivered on time
CAS00326,ACC0030,Kuwait Air Force,Delivery Delay,Critical,In Progress,Rafale F4,2019-04-24,,,,Luc Fabre,Europe,Engine vibration anomaly reported during training
CAS00327,ACC0021,Boeing India,Warranty Claim,High,Closed,Rafale F3-R,2020-09-19,2020-10-15,26.0,True,Pierre Renard,Asia,Spare part not delivered on time
CAS00328,ACC0027,Swiss Air Force,Delivery Delay,Medium,Closed,Falcon 8X,2023-06-06,2023-11-29,176.0,False,Luc Fabre,Asia,Structural inspection due — spare needed
CAS00329,ACC0018,Honeywell India,Training Request,Critical,Open,Rafale F3-R,2020-12-27,,,,Julie Petit,Europe,Structural inspection due — spare needed
CAS00330,ACC0030,Kuwait Air Force,Technical Issue,High,Closed,Falcon 8X,2023-10-13,2023-10-22,9.0,True,Julie Petit,Europe,Engine vibration anomaly reported during training
CAS00331,ACC0029,Finnish Air Force,Training Request,Medium,In Progress,Falcon 6X,2021-09-30,,,,Julie Petit,Europe,Maintenance contract renewal query
CAS00332,ACC0023,Egyptian Air Force,Technical Issue,Medium,Escalated,MRO Contract Rafale,2019-02-26,,,,Luc Fabre,Europe,Avionics software update required
CAS00333,ACC0013,Tata Advanced Systems,Delivery Delay,Low,Closed,Falcon 8X,2022-11-04,2022-12-29,55.0,False,Julie Petit,Europe,Spare part not delivered on time
CAS00334,ACC0009,Airbus Group,Training Request,High,Closed,Rafale F3-R,2021-06-14,2021-10-23,131.0,False,Claire Vidal,Europe,Documentation missing for customs
CAS00335,ACC0024,Royal Saudi Air Force,Technical Issue,High,Closed,Rafale F3-R,2024-07-11,2024-12-17,159.0,False,Julie Petit,Middle East,Avionics software update required
CAS00336,ACC0001,Indian Air Force,Delivery Delay,Low,Closed,Falcon 8X,2020-06-30,2020-11-14,137.0,False,Luc Fabre,Asia,Engine vibration anomaly reported during training
CAS00337,ACC0020,Rolls-Royce India,Technical Issue,Low,Closed,MRO Contract Rafale,2021-08-30,2022-01-11,134.0,False,Pierre Renard,Europe,Documentation missing for customs
CAS00338,ACC0021,Boeing India,Delivery Delay,High,In Progress,Rafale F3-R,2020-04-12,,,,Luc Fabre,Asia,Documentation missing for customs
CAS00339,ACC0028,Belgian Air Force,Documentation,Critical,Open,Rafale F4,2021-05-29,,,,Claire Vidal,Europe,Spare part not delivered on time
CAS00340,ACC0023,Egyptian Air Force,Delivery Delay,Medium,Closed,Rafale F3-R,2024-01-21,2024-04-23,93.0,False,Pierre Renard,Europe,Engine vibration anomaly reported during training
CAS00341,ACC0008,Croatian Air Force,Training Request,Medium,Escalated,Falcon 8X,2020-04-02,,,,Pierre Renard,Europe,Structural inspection due — spare needed
CAS00342,ACC0029,Finnish Air Force,Training Request,Medium,Open,Rafale F3-R,2021-05-31,,,,Luc Fabre,Europe,Avionics software update required
CAS00343,ACC0015,MBDA India,Training Request,Low,In Progress,MRO Contract Rafale,2024-09-01,,,,Thomas Laurent,Europe,Maintenance contract renewal query
CAS00344,ACC0005,Hellenic Air Force,Technical Issue,High,Escalated,Falcon 6X,2019-01-29,,,,Claire Vidal,Europe,Spare part not delivered on time
CAS00345,ACC0014,HAL (Hindustan Aeronautics),Delivery Delay,High,Closed,MRO Contract Rafale,2023-12-18,2023-12-23,5.0,True,Julie Petit,Middle East,Documentation missing for customs
CAS00346,ACC0003,Armée de l'Air française,Delivery Delay,Medium,Closed,Rafale F3-R,2024-06-02,2024-08-28,87.0,False,Claire Vidal,Europe,Maintenance contract renewal query
CAS00347,ACC0001,Indian Air Force,Spare Part Urgent,Medium,Closed,Rafale F3-R,2023-01-18,2023-02-07,20.0,True,Luc Fabre,Asia,Maintenance contract renewal query
CAS00348,ACC0011,Thales Group,Technical Issue,Medium,Closed,MRO Contract Rafale,2019-04-23,2019-07-14,82.0,False,Claire Vidal,Asia,Spare part not delivered on time
CAS00349,ACC0018,Honeywell India,Training Request,Critical,Closed,Falcon 6X,2022-04-07,2022-08-11,126.0,False,Julie Petit,Europe,Documentation missing for customs
CAS00350,ACC0014,HAL (Hindustan Aeronautics),Documentation,Critical,Closed,Rafale F4,2024-01-26,2024-02-08,13.0,True,Luc Fabre,Middle East,Maintenance contract renewal query
CAS00351,ACC0015,MBDA India,Technical Issue,High,Closed,MRO Contract Rafale,2023-05-28,2023-08-12,76.0,False,Pierre Renard,Europe,Documentation missing for customs
CAS00352,ACC0011,Thales Group,Delivery Delay,Medium,In Progress,MRO Contract Rafale,2019-02-01,,,,Thomas Laurent,Asia,Spare part not delivered on time
CAS00353,ACC0030,Kuwait Air Force,Technical Issue,High,Closed,MRO Contract Rafale,2020-07-17,2020-12-09,145.0,False,Pierre Renard,Europe,Spare part not delivered on time
CAS00354,ACC0001,Indian Air Force,Delivery Delay,Critical,Open,Falcon 8X,2023-01-18,,,,Luc Fabre,Asia,Avionics software update required
CAS00355,ACC0029,Finnish Air Force,Technical Issue,Critical,Closed,MRO Contract Rafale,2021-03-11,2021-07-26,137.0,False,Julie Petit,Europe,Engine vibration anomaly reported during training
CAS00356,ACC0012,Dassault Reliance Aerospace,Technical Issue,Medium,Open,Rafale F3-R,2019-05-01,,,,Thomas Laurent,Africa,Maintenance contract renewal query
CAS00357,ACC0023,Egyptian Air Force,Technical Issue,Medium,Closed,Falcon 6X,2022-01-23,2022-05-25,122.0,False,Luc Fabre,Europe,Maintenance contract renewal query
CAS00358,ACC0013,Tata Advanced Systems,Spare Part Urgent,Medium,Closed,MRO Contract Rafale,2022-01-17,2022-05-10,113.0,False,Julie Petit,Europe,Avionics software update required
CAS00359,ACC0007,Indonesian Air Force,Warranty Claim,Low,In Progress,MRO Contract Rafale,2020-01-02,,,,Luc Fabre,Asia,Documentation missing for customs
CAS00360,ACC0021,Boeing India,Delivery Delay,Medium,Closed,MRO Contract Rafale,2022-05-04,2022-05-25,21.0,True,Luc Fabre,Asia,Structural inspection due — spare needed
CAS00361,ACC0002,Indian Navy,Warranty Claim,Low,In Progress,Falcon 6X,2020-05-24,,,,Thomas Laurent,Africa,Maintenance contract renewal query
CAS00362,ACC0013,Tata Advanced Systems,Spare Part Urgent,Low,Closed,Rafale F4,2024-03-18,2024-04-06,19.0,True,Claire Vidal,Europe,Structural inspection due — spare needed
CAS00363,ACC0013,Tata Advanced Systems,Technical Issue,Medium,Open,Falcon 6X,2019-04-29,,,,Thomas Laurent,Europe,Documentation missing for customs
CAS00364,ACC0011,Thales Group,Training Request,Medium,Closed,Rafale F3-R,2019-11-04,2020-03-07,124.0,False,Pierre Renard,Asia,Spare part not delivered on time
CAS00365,ACC0022,Lockheed Martin India,Documentation,Low,Closed,Rafale F4,2021-04-22,2021-06-26,65.0,False,Claire Vidal,Africa,Avionics software update required
CAS00366,ACC0017,GE Aviation India,Delivery Delay,High,Closed,Rafale F4,2020-10-26,2021-04-13,169.0,False,Pierre Renard,Asia,Engine vibration anomaly reported during training
CAS00367,ACC0020,Rolls-Royce India,Documentation,High,Closed,Falcon 8X,2022-12-18,2023-06-01,165.0,False,Julie Petit,Europe,Structural inspection due — spare needed
CAS00368,ACC0018,Honeywell India,Documentation,Medium,Closed,Rafale F4,2024-04-26,2024-07-28,93.0,False,Thomas Laurent,Europe,Spare part not delivered on time
CAS00369,ACC0020,Rolls-Royce India,Documentation,Medium,Closed,Rafale F3-R,2021-02-17,2021-05-15,87.0,False,Pierre Renard,Europe,Maintenance contract renewal query
CAS00370,ACC0029,Finnish Air Force,Spare Part Urgent,High,Escalated,Falcon 6X,2021-11-10,,,,Thomas Laurent,Europe,Spare part not delivered on time
CAS00371,ACC0023,Egyptian Air Force,Spare Part Urgent,High,Closed,Rafale F4,2022-06-16,2022-08-29,74.0,False,Thomas Laurent,Europe,Spare part not delivered on time
CAS00372,ACC0019,Collins Aerospace India,Documentation,High,Closed,Rafale F4,2021-08-10,2021-11-19,101.0,False,Julie Petit,Europe,Engine vibration anomaly reported during training
CAS00373,ACC0018,Honeywell India,Delivery Delay,Medium,Closed,Rafale F4,2023-09-02,2023-12-15,104.0,False,Thomas Laurent,Europe,Spare part not delivered on time
CAS00374,ACC0011,Thales Group,Technical Issue,Low,Closed,Rafale F4,2021-07-13,2021-10-01,80.0,False,Luc Fabre,Asia,Engine vibration anomaly reported during training
CAS00375,ACC0014,HAL (Hindustan Aeronautics),Warranty Claim,Medium,Open,Falcon 8X,2023-10-04,,,,Pierre Renard,Middle East,Engine vibration anomaly reported during training
CAS00376,ACC0012,Dassault Reliance Aerospace,Documentation,Low,Closed,Rafale F4,2023-06-20,2023-08-25,66.0,False,Thomas Laurent,Africa,Spare part not delivered on time
CAS00377,ACC0013,Tata Advanced Systems,Spare Part Urgent,Medium,Closed,Rafale F4,2020-12-02,2021-04-17,136.0,False,Pierre Renard,Europe,Documentation missing for customs
CAS00378,ACC0015,MBDA India,Warranty Claim,Medium,Closed,Rafale F3-R,2019-05-12,2019-07-20,69.0,False,Claire Vidal,Europe,Spare part not delivered on time
CAS00379,ACC0009,Airbus Group,Technical Issue,High,Closed,Falcon 8X,2022-04-04,2022-04-26,22.0,True,Claire Vidal,Europe,Structural inspection due — spare needed
CAS00380,ACC0009,Airbus Group,Training Request,Medium,Closed,Rafale F4,2022-04-15,2022-07-10,86.0,False,Luc Fabre,Europe,Maintenance contract renewal query
CAS00381,ACC0018,Honeywell India,Documentation,Medium,In Progress,Rafale F4,2022-05-10,,,,Julie Petit,Europe,Engine vibration anomaly reported during training
CAS00382,ACC0029,Finnish Air Force,Spare Part Urgent,High,In Progress,Falcon 8X,2023-02-12,,,,Thomas Laurent,Europe,Maintenance contract renewal query
CAS00383,ACC0020,Rolls-Royce India,Training Request,High,Closed,MRO Contract Rafale,2020-12-12,2021-05-31,170.0,False,Julie Petit,Europe,Structural inspection due — spare needed
CAS00384,ACC0015,MBDA India,Warranty Claim,High,Closed,MRO Contract Rafale,2020-12-11,2021-02-02,53.0,False,Julie Petit,Europe,Structural inspection due — spare needed
CAS00385,ACC0029,Finnish Air Force,Spare Part Urgent,Low,Closed,Falcon 8X,2024-07-23,2025-01-05,166.0,False,Pierre Renard,Europe,Engine vibration anomaly reported during training
CAS00386,ACC0002,Indian Navy,Warranty Claim,Medium,Closed,Rafale F3-R,2024-03-18,2024-04-18,31.0,False,Julie Petit,Africa,Spare part not delivered on time
CAS00387,ACC0028,Belgian Air Force,Delivery Delay,Low,Closed,Rafale F4,2022-02-12,2022-07-08,146.0,False,Luc Fabre,Europe,Documentation missing for customs
CAS00388,ACC0015,MBDA India,Technical Issue,Critical,Closed,MRO Contract Rafale,2020-12-03,2021-01-23,51.0,False,Luc Fabre,Europe,Spare part not delivered on time
CAS00389,ACC0009,Airbus Group,Documentation,Medium,Closed,Falcon 6X,2023-07-15,2023-09-15,62.0,False,Pierre Renard,Europe,Documentation missing for customs
CAS00390,ACC0007,Indonesian Air Force,Technical Issue,Low,Closed,Falcon 6X,2019-07-14,2019-12-24,163.0,False,Luc Fabre,Asia,Avionics software update required
CAS00391,ACC0014,HAL (Hindustan Aeronautics),Technical Issue,Medium,Escalated,Falcon 6X,2023-05-14,,,,Pierre Renard,Middle East,Maintenance contract renewal query
CAS00392,ACC0015,MBDA India,Technical Issue,Medium,Closed,Falcon 6X,2022-06-21,2022-07-29,38.0,False,Julie Petit,Europe,Maintenance contract renewal query
CAS00393,ACC0021,Boeing India,Training Request,Critical,Closed,Falcon 8X,2019-06-01,2019-06-04,3.0,True,Thomas Laurent,Asia,Engine vibration anomaly reported during training
CAS00394,ACC0012,Dassault Reliance Aerospace,Delivery Delay,High,Open,Rafale F4,2019-02-06,,,,Luc Fabre,Africa,Avionics software update required
CAS00395,ACC0002,Indian Navy,Delivery Delay,Low,Closed,Falcon 6X,2019-01-07,2019-01-21,14.0,True,Pierre Renard,Africa,Structural inspection due — spare needed
CAS00396,ACC0030,Kuwait Air Force,Delivery Delay,Medium,Closed,Rafale F3-R,2023-08-30,2024-01-08,131.0,False,Pierre Renard,Europe,Engine vibration anomaly reported during training
CAS00397,ACC0018,Honeywell India,Documentation,Medium,Closed,MRO Contract Rafale,2023-05-21,2023-07-28,68.0,False,Claire Vidal,Europe,Spare part not delivered on time
CAS00398,ACC0012,Dassault Reliance Aerospace,Training Request,Medium,Closed,MRO Contract Rafale,2019-05-31,2019-11-06,159.0,False,Julie Petit,Africa,Maintenance contract renewal query
CAS00399,ACC0025,Malaysian RMAF,Delivery Delay,Critical,Closed,Rafale F3-R,2024-01-29,2024-04-05,67.0,False,Luc Fabre,Europe,Documentation missing for customs
CAS00400,ACC0003,Armée de l'Air française,Warranty Claim,Medium,Closed,Falcon 6X,2022-02-13,2022-03-20,35.0,False,Pierre Renard,Europe,Avionics software update required
CAS00401,ACC0006,Qatar Emiri Air Force,Training Request,Critical,Closed,Falcon 8X,2021-10-07,2022-02-21,137.0,False,Julie Petit,Middle East,Documentation missing for customs
CAS00402,ACC0006,Qatar Emiri Air Force,Warranty Claim,Medium,Closed,Falcon 8X,2022-08-12,2023-01-13,154.0,False,Thomas Laurent,Middle East,Maintenance contract renewal query
CAS00403,ACC0014,HAL (Hindustan Aeronautics),Documentation,Medium,Closed,MRO Contract Rafale,2021-05-23,2021-09-26,126.0,False,Pierre Renard,Middle East,Structural inspection due — spare needed
CAS00404,ACC0008,Croatian Air Force,Training Request,Medium,Closed,MRO Contract Rafale,2019-04-28,2019-09-03,128.0,False,Julie Petit,Europe,Spare part not delivered on time
CAS00405,ACC0013,Tata Advanced Systems,Warranty Claim,Medium,Closed,Rafale F3-R,2023-12-22,2024-04-21,121.0,False,Luc Fabre,Europe,Documentation missing for customs
CAS00406,ACC0019,Collins Aerospace India,Spare Part Urgent,High,Closed,Rafale F3-R,2021-06-13,2021-12-03,173.0,False,Claire Vidal,Europe,Spare part not delivered on time
CAS00407,ACC0019,Collins Aerospace India,Training Request,Medium,Closed,Rafale F4,2019-08-17,2019-11-13,88.0,False,Julie Petit,Europe,Documentation missing for customs
CAS00408,ACC0025,Malaysian RMAF,Training Request,Medium,Closed,MRO Contract Rafale,2023-08-06,2023-11-13,99.0,False,Thomas Laurent,Europe,Spare part not delivered on time
CAS00409,ACC0012,Dassault Reliance Aerospace,Technical Issue,Low,Closed,Falcon 8X,2022-06-12,2022-09-21,101.0,False,Luc Fabre,Africa,Spare part not delivered on time
CAS00410,ACC0003,Armée de l'Air française,Warranty Claim,High,Open,Rafale F4,2019-08-22,,,,Thomas Laurent,Europe,Documentation missing for customs
CAS00411,ACC0027,Swiss Air Force,Technical Issue,Low,Closed,Rafale F4,2022-03-16,2022-07-29,135.0,False,Claire Vidal,Asia,Documentation missing for customs
CAS00412,ACC0019,Collins Aerospace India,Warranty Claim,Low,Escalated,Rafale F4,2022-04-16,,,,Claire Vidal,Europe,Avionics software update required
CAS00413,ACC0012,Dassault Reliance Aerospace,Documentation,High,Closed,Falcon 6X,2021-09-11,2021-11-21,71.0,False,Julie Petit,Africa,Documentation missing for customs
CAS00414,ACC0002,Indian Navy,Documentation,Low,Closed,Falcon 8X,2024-01-06,2024-04-22,107.0,False,Thomas Laurent,Africa,Spare part not delivered on time
CAS00415,ACC0016,Reliance Defence,Documentation,Low,Closed,Rafale F4,2021-10-29,2022-01-28,91.0,False,Claire Vidal,Middle East,Engine vibration anomaly reported during training
CAS00416,ACC0006,Qatar Emiri Air Force,Warranty Claim,Medium,Closed,MRO Contract Rafale,2020-11-29,2021-04-20,142.0,False,Luc Fabre,Middle East,Engine vibration anomaly reported during training
CAS00417,ACC0022,Lockheed Martin India,Delivery Delay,Low,Closed,MRO Contract Rafale,2024-07-07,2024-08-20,44.0,False,Pierre Renard,Africa,Structural inspection due — spare needed
CAS00418,ACC0009,Airbus Group,Delivery Delay,Medium,Closed,Falcon 6X,2023-10-20,2023-12-01,42.0,False,Thomas Laurent,Europe,Documentation missing for customs
CAS00419,ACC0022,Lockheed Martin India,Delivery Delay,Medium,In Progress,Falcon 8X,2019-08-05,,,,Luc Fabre,Africa,Avionics software update required
CAS00420,ACC0001,Indian Air Force,Warranty Claim,Medium,Closed,Rafale F3-R,2019-08-30,2019-09-22,23.0,True,Pierre Renard,Asia,Documentation missing for customs
CAS00421,ACC0005,Hellenic Air Force,Training Request,Low,Closed,Rafale F4,2023-08-27,2023-11-17,82.0,False,Julie Petit,Europe,Documentation missing for customs
CAS00422,ACC0003,Armée de l'Air française,Training Request,Medium,Closed,Rafale F4,2021-04-06,2021-09-09,156.0,False,Claire Vidal,Europe,Spare part not delivered on time
CAS00423,ACC0020,Rolls-Royce India,Delivery Delay,Medium,Closed,Rafale F4,2022-03-10,2022-05-29,80.0,False,Luc Fabre,Europe,Documentation missing for customs
CAS00424,ACC0002,Indian Navy,Training Request,Medium,Closed,Rafale F4,2024-09-24,2024-09-30,6.0,True,Claire Vidal,Africa,Avionics software update required
CAS00425,ACC0003,Armée de l'Air française,Spare Part Urgent,Medium,Closed,Falcon 6X,2019-10-10,2020-02-15,128.0,False,Pierre Renard,Europe,Structural inspection due — spare needed
CAS00426,ACC0006,Qatar Emiri Air Force,Delivery Delay,Medium,Closed,MRO Contract Rafale,2023-04-16,2023-09-18,155.0,False,Luc Fabre,Middle East,Documentation missing for customs
CAS00427,ACC0004,UAE Air Force,Technical Issue,Low,Closed,Rafale F4,2019-09-28,2020-01-05,99.0,False,Pierre Renard,Middle East,Engine vibration anomaly reported during training
CAS00428,ACC0017,GE Aviation India,Spare Part Urgent,Medium,Closed,Rafale F4,2023-03-11,2023-04-03,23.0,True,Thomas Laurent,Asia,Maintenance contract renewal query
CAS00429,ACC0026,Singapore Air Force,Delivery Delay,Medium,Escalated,MRO Contract Rafale,2023-10-27,,,,Pierre Renard,Middle East,Engine vibration anomaly reported during training
CAS00430,ACC0008,Croatian Air Force,Technical Issue,Medium,Closed,Rafale F3-R,2024-04-14,2024-08-31,139.0,False,Luc Fabre,Europe,Structural inspection due — spare needed
CAS00431,ACC0008,Croatian Air Force,Training Request,Low,Closed,Falcon 6X,2023-08-29,2023-12-13,106.0,False,Thomas Laurent,Europe,Spare part not delivered on time
CAS00432,ACC0028,Belgian Air Force,Training Request,High,Closed,Falcon 8X,2023-09-01,2023-12-27,117.0,False,Claire Vidal,Europe,Documentation missing for customs
CAS00433,ACC0020,Rolls-Royce India,Technical Issue,Medium,Closed,Falcon 8X,2019-08-27,2020-01-04,130.0,False,Pierre Renard,Europe,Documentation missing for customs
CAS00434,ACC0025,Malaysian RMAF,Technical Issue,High,Escalated,Rafale F4,2020-03-30,,,,Julie Petit,Europe,Documentation missing for customs
CAS00435,ACC0012,Dassault Reliance Aerospace,Spare Part Urgent,Medium,Closed,Rafale F4,2021-04-21,2021-05-04,13.0,True,Pierre Renard,Africa,Maintenance contract renewal query
CAS00436,ACC0008,Croatian Air Force,Delivery Delay,Medium,Closed,Rafale F3-R,2021-02-11,2021-03-05,22.0,True,Claire Vidal,Europe,Maintenance contract renewal query
CAS00437,ACC0017,GE Aviation India,Training Request,Critical,Closed,Falcon 6X,2022-07-13,2022-07-21,8.0,True,Claire Vidal,Asia,Engine vibration anomaly reported during training
CAS00438,ACC0014,HAL (Hindustan Aeronautics),Technical Issue,Medium,Closed,Falcon 8X,2020-07-21,2020-11-07,109.0,False,Luc Fabre,Middle East,Documentation missing for customs
CAS00439,ACC0021,Boeing India,Warranty Claim,Low,Closed,Falcon 6X,2020-05-20,2020-08-05,77.0,False,Thomas Laurent,Asia,Spare part not delivered on time
CAS00440,ACC0004,UAE Air Force,Delivery Delay,Medium,Closed,Falcon 8X,2023-09-17,2024-02-08,144.0,False,Pierre Renard,Middle East,Avionics software update required
CAS00441,ACC0023,Egyptian Air Force,Spare Part Urgent,High,Closed,Falcon 6X,2024-02-01,2024-03-17,45.0,False,Julie Petit,Europe,Documentation missing for customs
CAS00442,ACC0027,Swiss Air Force,Delivery Delay,Medium,Closed,Rafale F4,2024-05-11,2024-08-08,89.0,False,Pierre Renard,Asia,Maintenance contract renewal query
CAS00443,ACC0026,Singapore Air Force,Training Request,Medium,Closed,Rafale F3-R,2023-01-19,2023-03-13,53.0,False,Pierre Renard,Middle East,Documentation missing for customs
CAS00444,ACC0018,Honeywell India,Spare Part Urgent,Medium,Closed,Rafale F3-R,2021-01-10,2021-05-26,136.0,False,Julie Petit,Europe,Maintenance contract renewal query
CAS00445,ACC0029,Finnish Air Force,Technical Issue,Medium,Closed,Falcon 8X,2022-05-14,2022-08-14,92.0,False,Julie Petit,Europe,Structural inspection due — spare needed
CAS00446,ACC0003,Armée de l'Air française,Documentation,Low,Closed,Falcon 8X,2022-02-05,2022-05-17,101.0,False,Thomas Laurent,Europe,Documentation missing for customs
CAS00447,ACC0025,Malaysian RMAF,Spare Part Urgent,Critical,In Progress,Rafale F3-R,2022-08-09,,,,Claire Vidal,Europe,Spare part not delivered on time
CAS00448,ACC0010,Safran Group,Training Request,Medium,Closed,Falcon 8X,2020-10-01,2021-02-13,135.0,False,Claire Vidal,Europe,Documentation missing for customs
CAS00449,ACC0016,Reliance Defence,Spare Part Urgent,Medium,Closed,Falcon 6X,2019-02-08,2019-06-17,129.0,False,Julie Petit,Middle East,Maintenance contract renewal query
CAS00450,ACC0012,Dassault Reliance Aerospace,Documentation,High,In Progress,Rafale F3-R,2019-07-04,,,,Julie Petit,Africa,Maintenance contract renewal query
CAS00451,ACC0025,Malaysian RMAF,Documentation,Low,Closed,Rafale F3-R,2021-07-24,2021-08-30,37.0,False,Pierre Renard,Europe,Structural inspection due — spare needed
CAS00452,ACC0023,Egyptian Air Force,Documentation,High,Open,Falcon 6X,2019-04-25,,,,Thomas Laurent,Europe,Maintenance contract renewal query
CAS00453,ACC0002,Indian Navy,Training Request,Critical,Closed,Rafale F4,2024-07-21,2025-01-17,180.0,False,Luc Fabre,Africa,Avionics software update required
CAS00454,ACC0004,UAE Air Force,Documentation,Medium,Closed,MRO Contract Rafale,2021-06-26,2021-06-30,4.0,True,Pierre Renard,Middle East,Maintenance contract renewal query
CAS00455,ACC0024,Royal Saudi Air Force,Warranty Claim,Medium,Closed,Rafale F4,2019-12-26,2020-03-04,69.0,False,Thomas Laurent,Middle East,Documentation missing for customs
CAS00456,ACC0010,Safran Group,Delivery Delay,Low,Closed,MRO Contract Rafale,2021-01-03,2021-06-23,171.0,False,Thomas Laurent,Europe,Avionics software update required
CAS00457,ACC0022,Lockheed Martin India,Warranty Claim,Medium,Closed,Falcon 6X,2024-08-18,2024-09-11,24.0,True,Thomas Laurent,Africa,Structural inspection due — spare needed
CAS00458,ACC0030,Kuwait Air Force,Warranty Claim,Medium,Open,Falcon 8X,2024-09-12,,,,Claire Vidal,Europe,Avionics software update required
CAS00459,ACC0022,Lockheed Martin India,Training Request,Medium,Escalated,Falcon 8X,2023-09-02,,,,Luc Fabre,Africa,Structural inspection due — spare needed
CAS00460,ACC0008,Croatian Air Force,Training Request,High,Closed,Rafale F3-R,2023-09-19,2023-11-20,62.0,False,Claire Vidal,Europe,Structural inspection due — spare needed
CAS00461,ACC0029,Finnish Air Force,Training Request,High,Closed,Rafale F3-R,2023-02-26,2023-08-24,179.0,False,Pierre Renard,Europe,Spare part not delivered on time
CAS00462,ACC0019,Collins Aerospace India,Delivery Delay,High,Closed,Falcon 8X,2022-09-30,2022-11-18,49.0,False,Luc Fabre,Europe,Structural inspection due — spare needed
CAS00463,ACC0005,Hellenic Air Force,Technical Issue,Medium,Closed,Rafale F3-R,2023-03-09,2023-06-21,104.0,False,Pierre Renard,Europe,Maintenance contract renewal query
CAS00464,ACC0023,Egyptian Air Force,Documentation,Low,Closed,MRO Contract Rafale,2023-10-26,2024-02-19,116.0,False,Thomas Laurent,Europe,Structural inspection due — spare needed
CAS00465,ACC0016,Reliance Defence,Spare Part Urgent,Medium,Closed,Falcon 6X,2022-05-30,2022-10-24,147.0,False,Pierre Renard,Middle East,Engine vibration anomaly reported during training
CAS00466,ACC0019,Collins Aerospace India,Warranty Claim,High,Closed,Rafale F3-R,2023-10-07,2023-10-22,15.0,True,Claire Vidal,Europe,Maintenance contract renewal query
CAS00467,ACC0007,Indonesian Air Force,Delivery Delay,Medium,Closed,MRO Contract Rafale,2023-05-12,2023-06-28,47.0,False,Luc Fabre,Asia,Avionics software update required
CAS00468,ACC0009,Airbus Group,Delivery Delay,Medium,Closed,Falcon 6X,2020-06-29,2020-07-30,31.0,False,Julie Petit,Europe,Maintenance contract renewal query
CAS00469,ACC0025,Malaysian RMAF,Training Request,High,Open,MRO Contract Rafale,2019-02-10,,,,Luc Fabre,Europe,Structural inspection due — spare needed
CAS00470,ACC0027,Swiss Air Force,Training Request,Low,Closed,Rafale F3-R,2024-08-19,2024-10-21,63.0,False,Julie Petit,Asia,Documentation missing for customs
CAS00471,ACC0022,Lockheed Martin India,Technical Issue,Medium,Closed,Rafale F4,2022-11-17,2023-02-25,100.0,False,Pierre Renard,Africa,Spare part not delivered on time
CAS00472,ACC0001,Indian Air Force,Training Request,Medium,Escalated,Falcon 8X,2023-08-20,,,,Thomas Laurent,Asia,Avionics software update required
CAS00473,ACC0012,Dassault Reliance Aerospace,Delivery Delay,Medium,Closed,MRO Contract Rafale,2023-05-23,2023-08-06,75.0,False,Claire Vidal,Africa,Engine vibration anomaly reported during training
CAS00474,ACC0001,Indian Air Force,Delivery Delay,Low,Closed,Rafale F4,2022-05-05,2022-05-15,10.0,True,Thomas Laurent,Asia,Spare part not delivered on time
CAS00475,ACC0001,Indian Air Force,Spare Part Urgent,High,Closed,Falcon 6X,2021-06-11,2021-08-29,79.0,False,Claire Vidal,Asia,Maintenance contract renewal query
CAS00476,ACC0013,Tata Advanced Systems,Delivery Delay,Medium,Closed,Rafale F4,2021-04-27,2021-07-20,84.0,False,Claire Vidal,Europe,Avionics software update required
CAS00477,ACC0003,Armée de l'Air française,Delivery Delay,Critical,Closed,Rafale F4,2020-04-19,2020-10-13,177.0,False,Julie Petit,Europe,Engine vibration anomaly reported during training
CAS00478,ACC0022,Lockheed Martin India,Documentation,Medium,Closed,Falcon 8X,2023-10-25,2024-04-15,173.0,False,Julie Petit,Africa,Maintenance contract renewal query
CAS00479,ACC0014,HAL (Hindustan Aeronautics),Warranty Claim,High,Closed,Rafale F3-R,2020-07-22,2020-12-13,144.0,False,Luc Fabre,Middle East,Engine vibration anomaly reported during training
CAS00480,ACC0021,Boeing India,Training Request,Medium,Closed,MRO Contract Rafale,2020-11-01,2020-11-22,21.0,True,Luc Fabre,Asia,Spare part not delivered on time
CAS00481,ACC0021,Boeing India,Delivery Delay,Medium,Closed,MRO Contract Rafale,2023-05-22,2023-08-31,101.0,False,Claire Vidal,Asia,Avionics software update required
CAS00482,ACC0006,Qatar Emiri Air Force,Delivery Delay,High,In Progress,MRO Contract Rafale,2024-09-08,,,,Julie Petit,Middle East,Documentation missing for customs
CAS00483,ACC0011,Thales Group,Documentation,Medium,Open,Rafale F4,2019-02-11,,,,Julie Petit,Asia,Documentation missing for customs
CAS00484,ACC0001,Indian Air Force,Warranty Claim,Medium,Closed,Rafale F4,2021-07-10,2021-09-04,56.0,False,Luc Fabre,Asia,Maintenance contract renewal query
CAS00485,ACC0007,Indonesian Air Force,Delivery Delay,Low,Closed,Falcon 6X,2020-09-28,2020-12-25,88.0,False,Claire Vidal,Asia,Avionics software update required
CAS00486,ACC0015,MBDA India,Technical Issue,Low,Closed,Rafale F4,2020-02-06,2020-05-04,88.0,False,Luc Fabre,Europe,Documentation missing for customs
CAS00487,ACC0013,Tata Advanced Systems,Training Request,Medium,Closed,Rafale F4,2024-08-15,2024-08-31,16.0,True,Thomas Laurent,Europe,Documentation missing for customs
CAS00488,ACC0005,Hellenic Air Force,Warranty Claim,Medium,Closed,MRO Contract Rafale,2022-03-09,2022-08-16,160.0,False,Luc Fabre,Europe,Structural inspection due — spare needed
CAS00489,ACC0012,Dassault Reliance Aerospace,Spare Part Urgent,High,Closed,MRO Contract Rafale,2020-10-17,2021-03-20,154.0,False,Pierre Renard,Africa,Engine vibration anomaly reported during training
CAS00490,ACC0030,Kuwait Air Force,Spare Part Urgent,Medium,Closed,Falcon 6X,2019-10-30,2020-01-09,71.0,False,Thomas Laurent,Europe,Documentation missing for customs
CAS00491,ACC0019,Collins Aerospace India,Training Request,Low,Closed,Falcon 6X,2020-01-01,2020-01-23,22.0,True,Thomas Laurent,Europe,Documentation missing for customs
CAS00492,ACC0005,Hellenic Air Force,Delivery Delay,Medium,Closed,Falcon 6X,2024-09-12,2024-10-25,43.0,False,Luc Fabre,Europe,Structural inspection due — spare needed
CAS00493,ACC0021,Boeing India,Documentation,Low,Closed,Rafale F4,2022-09-04,2023-01-27,145.0,False,Julie Petit,Asia,Documentation missing for customs
CAS00494,ACC0018,Honeywell India,Delivery Delay,Medium,Closed,Falcon 8X,2021-12-15,2022-03-01,76.0,False,Claire Vidal,Europe,Avionics software update required
CAS00495,ACC0016,Reliance Defence,Documentation,Low,Closed,MRO Contract Rafale,2023-08-04,2023-08-24,20.0,True,Julie Petit,Middle East,Avionics software update required
CAS00496,ACC0011,Thales Group,Documentation,Low,Open,MRO Contract Rafale,2022-10-24,,,,Luc Fabre,Asia,Maintenance contract renewal query
CAS00497,ACC0012,Dassault Reliance Aerospace,Spare Part Urgent,High,Closed,Rafale F4,2022-11-20,2023-03-14,114.0,False,Julie Petit,Africa,Maintenance contract renewal query
CAS00498,ACC0021,Boeing India,Delivery Delay,Medium,Closed,Rafale F3-R,2023-02-02,2023-07-04,152.0,False,Luc Fabre,Asia,Structural inspection due — spare needed
CAS00499,ACC0025,Malaysian RMAF,Documentation,Medium,In Progress,Falcon 6X,2022-03-12,,,,Luc Fabre,Europe,Structural inspection due — spare needed
CAS00500,ACC0025,Malaysian RMAF,Technical Issue,Medium,Closed,Falcon 6X,2022-09-02,2022-12-16,105.0,False,Julie Petit,Europe,Engine vibration anomaly reported during training
